production_line,quality_score,batch_number,operator_id,shift,temperature,humidity
Line_A,92.28,1,Op_01,Afternoon,20.603740192908678,42.30488141711318
Line_A,94.59,2,Op_03,Morning,24.697197669927938,50.21406215669628
Line_A,97.14,3,Op_02,Night,21.481876711612028,41.40145515570057
Line_A,94.75,4,Op_03,Morning,22.952896888524645,46.31068857398109
Line_A,95.74,5,Op_03,Night,19.56397468396625,44.363550556984706
Line_A,96.88,6,Op_01,Morning,24.375485173619175,38.135164789636185
Line_A,94.14,7,Op_01,Morning,24.30316871508006,38.24837591377005
Line_A,95.1,8,Op_01,Morning,22.59778863372415,43.68676506058478
Line_A,97.93,9,Op_03,Morning,20.772028690021976,43.031505018735366
Line_A,93.41,10,Op_02,Night,19.127451987551026,48.383055927124026
Line_A,96.41,11,Op_01,Morning,26.54865054018818,35.72438739962794
Line_A,97.84,12,Op_03,Morning,21.189059347994082,40.856454918543186
Line_A,97.26,13,Op_03,Afternoon,19.132594790055016,47.152521018157714
Line_A,97.48,14,Op_02,Night,20.806655439152063,43.75417231594447
Line_A,95.73,15,Op_03,Afternoon,22.79859184318722,37.726178103559384
Line_A,94.82,16,Op_01,Afternoon,19.50516003802373,46.800423215627575
Line_A,97.46,17,Op_01,Morning,20.81921068046827,49.243566994650664
Line_A,97.02,18,Op_01,Afternoon,19.11811443080991,40.01114166499574
Line_A,97.3,19,Op_01,Morning,24.886439211399264,49.83408770436525
Line_A,93.37,20,Op_01,Afternoon,21.834260778414357,42.01897962260591
Line_A,93.63,21,Op_03,Night,19.0953368036202,43.2185021840391
Line_A,94.57,22,Op_01,Night,20.19982386500635,42.33645037916626
Line_A,94.84,23,Op_01,Afternoon,20.7096593210346,50.07053806944812
Line_A,96.02,24,Op_01,Afternoon,22.046075193728516,44.184530593970294
Line_A,93.33,25,Op_01,Night,20.176894777288627,48.86546581473126
Line_A,94.78,26,Op_02,Morning,21.269715300306682,42.572422736903455
Line_A,96.33,27,Op_03,Afternoon,20.725357328817125,46.79602630055205
Line_A,94.37,28,Op_03,Morning,19.126742400388608,39.56276314729212
Line_A,96.35,29,Op_01,Morning,20.16974920654411,50.005859420103974
Line_A,93.97,30,Op_02,Morning,20.45677748307402,43.466653114543405
Line_A,95.35,31,Op_02,Night,19.561346716684657,51.24593070802994
Line_A,98.37,32,Op_02,Night,19.113032557966246,44.73834696984243
Line_A,96.49,33,Op_01,Afternoon,20.809649869859623,45.47840904302826
Line_A,90.13,34,Op_02,Afternoon,23.72926880501008,56.43249421609879
Line_A,95.41,35,Op_02,Night,21.704146102710546,48.72698291087518
Line_A,95.59,36,Op_01,Morning,15.633913468685986,45.97252537132859
Line_A,95.6,37,Op_01,Afternoon,24.020216218758126,38.904087200087886
Line_A,91.07,38,Op_02,Afternoon,20.613967293521434,41.22373019231955
Line_A,94.44,39,Op_03,Night,24.875898354033186,48.926943970319144
Line_A,92.2,40,Op_01,Afternoon,23.613482894164108,43.33768114650437
Line_A,93.08,41,Op_03,Afternoon,21.3866876646804,43.964567125499855
Line_A,94.79,42,Op_03,Afternoon,21.609922341645948,39.58936938453648
Line_A,91.6,43,Op_03,Morning,19.718209115746657,47.025157492809505
Line_A,94.69,44,Op_01,Night,23.303027971410856,45.52101774487126
Line_A,92.21,45,Op_03,Morning,25.23310724840183,48.56442424290074
Line_A,,46,Op_01,Night,20.546155141671306,51.18974655205266
Line_A,96.62,47,Op_01,Morning,20.794060356752066,47.243512982446845
Line_A,93.65,48,Op_03,Afternoon,25.94716983989201,39.13573790578406
Line_A,94.47,49,Op_02,Morning,22.17262555809167,37.4400480566075
Line_A,99.9,50,Op_02,Morning,18.951933281263145,48.653951656460045
Line_A,96.5,51,Op_01,Night,19.27228666731663,45.600592456325444
Line_A,97.19,52,Op_03,Afternoon,25.408544681921143,53.75630744845138
Line_A,95.56,53,Op_03,Night,22.947397257618668,45.124576245384475
Line_A,93.71,54,Op_02,Afternoon,19.89948145867722,36.36304110923996
Line_A,96.9,55,Op_03,Afternoon,22.674590421916168,38.67082045296363
Line_A,98.32,56,Op_01,Afternoon,20.33569137656761,41.248963762997825
Line_A,97.27,57,Op_01,Morning,18.1598371236701,53.70659876286049
Line_A,99.6,58,Op_03,Morning,21.30900041456387,50.844184735477455
Line_A,96.38,59,Op_02,Afternoon,21.982548997680194,42.31958825095241
Line_A,97.97,60,Op_03,Night,18.865767668796106,44.031520302414386
Line_A,98.48,61,Op_01,Night,19.48622159139424,38.18772171776393
Line_A,96.83,62,Op_01,Morning,19.996528736980046,38.01516037382788
Line_A,94.29,63,Op_01,Night,21.591328160433953,50.59433494653269
Line_A,100.56,64,Op_02,Afternoon,22.257351700998328,49.704439396500106
Line_A,96.21,65,Op_01,Night,19.114245693094183,43.619842111834636
Line_A,96.54,66,Op_01,Afternoon,20.83582353687446,54.21547580219868
Line_A,95.76,67,Op_03,Night,21.05861376137718,47.171852330014765
Line_A,95.51,68,Op_03,Morning,18.52477800657279,46.058821286803344
Line_A,97.45,69,Op_02,Night,22.449611582844593,46.08790289324774
Line_A,93.43,70,Op_02,Morning,23.193642063361064,39.69126414594232
Line_A,92.62,71,Op_03,Night,22.623831166801555,49.7216533314988
Line_A,95.99,72,Op_01,Morning,19.356680430008463,49.759704849142935
Line_A,96.33,73,Op_01,Night,23.19590125628187,46.2031077825651
Line_A,93.57,74,Op_01,Afternoon,21.79748819324134,39.4083937016561
Line_A,93.27,75,Op_03,Night,23.96500468072186,50.44592781821721
Line_A,93.72,76,Op_01,Night,22.95653403591632,35.99841736035249
Line_A,98.01,77,Op_03,Night,22.624259067001333,41.130615072754324
Line_A,95.63,78,Op_02,Afternoon,21.435916402395513,47.90134059759416
Line_A,91.97,79,Op_01,Afternoon,23.912309662459183,42.95857546378153
Line_A,93.5,80,Op_03,Morning,19.713105549086393,40.051159224072656
Line_A,92.36,81,Op_01,Night,19.47222582646021,51.92066090048509
Line_A,89.13,82,Op_03,Afternoon,27.48403352011202,50.66709882300879
Line_A,93.92,83,Op_01,Morning,18.114901422094757,50.33226172314821
Line_A,95.73,84,Op_02,Night,19.617341599190787,46.660479669982195
Line_A,93.83,85,Op_02,Afternoon,23.607438647030772,45.174146329372455
Line_A,90.8,86,Op_03,Afternoon,18.74583945741453,53.68978921693109
Line_A,96.08,87,Op_03,Night,23.47293231570797,52.176451037325585
Line_A,91.44,88,Op_02,Afternoon,24.453651595772325,44.57863569071517
Line_A,93.63,89,Op_03,Morning,24.692241933804993,58.556385938182935
Line_A,90.8,90,Op_02,Morning,22.13343332204122,44.37448834183195
Line_A,97.98,91,Op_01,Afternoon,19.654135579121785,46.927332919114264
Line_A,94.13,92,Op_02,Afternoon,20.171187108431045,51.95239530741699
Line_A,91.82,93,Op_01,Afternoon,24.530220080097763,46.85787157813492
Line_A,94.41,94,Op_03,Morning,18.26820040016503,43.67847847602206
Line_A,93.39,95,Op_02,Morning,23.646693914812737,46.90851037008338
Line_A,98.06,96,Op_01,Afternoon,18.7840776335564,44.97372660683811
Line_A,93.65,97,Op_02,Morning,21.809658781688405,34.34729938452875
Line_A,92.15,98,Op_01,Night,20.754087969925816,50.01692386551645
Line_A,93.03,99,Op_03,Morning,21.113838861683504,41.8879689674552
Line_A,90.89,100,Op_03,Afternoon,24.68298714396509,39.2471100295449
Line_B,95.01,1,Op_02,Night,21.35157720533895,51.518542113120596
Line_B,93.14,2,Op_01,Night,21.351434970082217,37.633819547844865
Line_B,94.08,3,Op_02,Morning,18.96869492287242,50.35526217163222
Line_B,92.24,4,Op_02,Night,23.296960945643786,37.56831688104777
Line_B,,5,Op_03,Morning,19.061443290409883,42.98854581365798
Line_B,92.14,6,Op_01,Morning,21.00429567196727,42.39977615834482
Line_B,90.88,7,Op_01,Morning,20.579573839298153,46.33151180735667
Line_B,94.88,8,Op_01,Night,23.78137880821756,39.987655683459934
Line_B,93.87,9,Op_03,Afternoon,22.97588009918443,45.514454919332
Line_B,97.67,10,Op_03,Afternoon,23.415473461948217,39.595442152499885
Line_B,87.84,11,Op_01,Night,23.89119472465159,45.859932936723375
Line_B,96.42,12,Op_01,Afternoon,20.72105633681469,38.41354864547021
Line_B,92.53,13,Op_03,Afternoon,20.264601779705394,43.011314353340325
Line_B,92.29,14,Op_03,Afternoon,18.632342305677565,45.01842949808553
Line_B,94.93,15,Op_02,Morning,22.255132659673286,43.74904623938094
Line_B,91.2,16,Op_02,Morning,20.435002640307157,49.224430851199145
Line_B,92.22,17,Op_03,Afternoon,22.902414834321515,33.70554293030455
Line_B,94.74,18,Op_01,Morning,24.32079969684549,45.87312399074816
Line_B,91.8,19,Op_03,Night,23.86033487872453,40.84889978672704
Line_B,91.24,20,Op_01,Morning,22.241734256523277,47.95463850965637
Line_B,91.08,21,Op_03,Morning,22.15594945270144,45.15300425761944
Line_B,93.56,22,Op_02,Morning,21.98153793363579,50.439435636751945
Line_B,89.5,23,Op_02,Morning,26.249722995200198,43.835680540917316
Line_B,94.22,24,Op_02,Morning,20.835266146254128,51.17115729717219
Line_B,97.43,25,Op_03,Morning,22.1584162901739,45.783142675521646
Line_B,91.96,26,Op_03,Afternoon,21.638009495141322,38.53363376736289
Line_B,92.85,27,Op_01,Afternoon,20.433720589609777,40.93299703120918
Line_B,92.24,28,Op_03,Morning,21.24037151172824,42.0668982358304
Line_B,89.06,29,Op_03,Morning,22.055844241506215,45.57314776231
Line_B,92.02,30,Op_02,Morning,19.630459697042525,49.49886943681685
Line_B,91.63,31,Op_01,Night,25.297150467376827,48.05381449960125
Line_B,95.36,32,Op_02,Morning,23.452458271402485,48.32318046597925
Line_B,91.43,33,Op_03,Night,24.183923881818934,41.26792294631717
Line_B,93.81,34,Op_02,Morning,21.677355880924754,49.41170191084633
Line_B,91.69,35,Op_02,Morning,21.373896203869403,45.51982671687411
Line_B,89.28,36,Op_01,Afternoon,21.57218609843733,48.973185612576074
Line_B,87.55,37,Op_03,Night,20.60727257565078,37.61274478076291
Line_B,91.27,38,Op_01,Morning,24.599677405442435,47.26232025303193
Line_B,92.41,39,Op_02,Morning,24.793417402260616,41.945893704672244
Line_B,90.32,40,Op_01,Afternoon,23.0993644331314,38.67337913792822
Line_B,89.02,41,Op_01,Afternoon,25.396155329358148,48.232579842189494
Line_B,94.2,42,Op_03,Morning,26.792795633658063,42.85492371423737
Line_B,89.67,43,Op_01,Night,25.693602895775943,47.65186771556229
Line_B,88.02,44,Op_02,Afternoon,21.061688876857133,40.10875288244969
Line_B,90.87,45,Op_01,Morning,17.16217724058071,55.15812222102287
Line_B,91.38,46,Op_02,Morning,23.48560764530852,44.40494485065897
Line_B,89.52,47,Op_01,Night,22.853714562210694,42.65391087225358
Line_B,91.3,48,Op_01,Afternoon,22.21787707728791,49.9499287702445
Line_B,87.48,49,Op_01,Night,21.53620354523098,44.571357490620485
Line_B,92.96,50,Op_03,Morning,24.70133868308465,60.82860139299225
Line_B,89.47,51,Op_01,Afternoon,18.907180712376473,50.82531332181742
Line_B,91.33,52,Op_02,Morning,25.06399140663251,42.63297370552793
Line_B,90.78,53,Op_02,Morning,25.467442754788863,45.37136112515355
Line_B,96.15,54,Op_03,Morning,22.30035388231825,45.33142268095236
Line_B,92.05,55,Op_01,Night,22.568445016607715,39.72357608028417
Line_B,90.86,56,Op_02,Afternoon,19.628506167281625,51.41774739383824
Line_B,98.33,57,Op_01,Afternoon,24.008973925039957,42.85214227918929
Line_B,97.71,58,Op_03,Night,24.542513779090267,43.76345267657731
Line_B,95.41,59,Op_01,Morning,23.528647119615265,46.09315750956665
Line_B,94.81,60,Op_01,Afternoon,19.52097071867269,40.42170517528637
Line_B,91.29,61,Op_02,Night,18.78117610891221,46.0566889929562
Line_B,96.21,62,Op_03,Night,21.51937897203782,42.4856624264812
Line_B,94.41,63,Op_03,Morning,22.158398400510972,42.61724082670409
Line_B,91.89,64,Op_03,Afternoon,24.030401764073016,44.189294347718146
Line_B,93.8,65,Op_01,Afternoon,21.518973120618185,41.325238610902694
Line_B,92.22,66,Op_03,Night,24.12523364073697,37.17646080251633
Line_B,89.49,67,Op_02,Afternoon,24.25835478428656,45.869021649133074
Line_B,96.61,68,Op_02,Night,22.947132635722003,33.55222350014532
Line_B,88.53,69,Op_01,Morning,23.738076309985093,33.7325788353586
Line_B,98.32,70,Op_03,Morning,21.167865995027363,45.223635374908596
Line_B,92.24,71,Op_03,Afternoon,19.716733577830325,44.09064876572175
Line_B,93.73,72,Op_02,Morning,20.862127500949537,46.296615943943955
Line_B,93.76,73,Op_02,Afternoon,20.33453488448311,48.32184581987316
Line_B,89.76,74,Op_01,Night,24.421277744320665,35.11367490036745
Line_B,91.52,75,Op_01,Afternoon,23.72521743578074,41.92650203149546
Line_B,91.6,76,Op_02,Morning,17.939108961682795,42.761643520892804
Line_B,90.16,77,Op_03,Morning,22.357666132751284,46.561391766735994
Line_B,94.08,78,Op_03,Afternoon,18.428462586532216,46.141205987947586
Line_B,88.29,79,Op_01,Morning,19.832153536858772,42.974809045229634
Line_B,91.65,80,Op_02,Afternoon,23.66404825870924,45.22077880610157
Line_B,86.72,81,Op_02,Afternoon,18.551401999336832,43.625690601996986
Line_B,91.46,82,Op_02,Night,19.27159766011165,40.43650810514575
Line_B,91.18,83,Op_03,Morning,19.951817745501184,45.269647243940824
Line_B,95.43,84,Op_03,Morning,18.830083481276745,34.278921494713515
Line_B,89.05,85,Op_01,Morning,19.159501602087712,46.22647366125272
Line_B,90.11,86,Op_02,Afternoon,21.887759856484944,52.06176315263111
Line_B,89.9,87,Op_03,Night,18.630465348503982,43.265362760823216
Line_B,94.71,88,Op_03,Afternoon,21.50196950792686,55.3100240610285
Line_B,89.08,89,Op_01,Morning,22.018178838291416,48.01523220086297
Line_B,91.13,90,Op_02,Afternoon,23.503804275614815,52.29201078044535
Line_B,89.9,91,Op_01,Morning,23.85865793686827,46.928990073791155
Line_B,90.35,92,Op_03,Afternoon,19.247568441375666,47.757861973478455
Line_B,90.86,93,Op_03,Afternoon,19.352415663685534,45.71616834854357
Line_B,93.71,94,Op_01,Morning,19.24085923769725,37.1610237554797
Line_B,94.75,95,Op_01,Afternoon,23.581719354422276,35.17331713467205
Line_B,87.8,96,Op_01,Morning,22.691166079893478,43.79348743412191
Line_B,93.4,97,Op_02,Afternoon,21.293613822118143,41.98648215238641
Line_B,94.76,98,Op_01,Afternoon,19.615899898869483,42.147000212810504
Line_B,92.66,99,Op_01,Morning,22.31057013857892,38.67896920258248
Line_B,94.96,100,Op_01,Morning,24.73765648532623,50.54279996967904
Line_C,84.91,1,Op_01,Morning,19.30738493716588,43.56649086644704
Line_C,84.9,2,Op_02,Afternoon,24.939843445077635,47.9303028191537
Line_C,88.49,3,Op_02,Night,15.746437565701719,46.27743576710668
Line_C,91.81,4,Op_01,Afternoon,21.655034261102863,44.11997813493385
Line_C,91.27,5,Op_03,Night,26.39139852981748,48.69125288977626
Line_C,86.94,6,Op_02,Morning,23.519566013473952,49.98323736785321
Line_C,88.4,7,Op_03,Afternoon,22.97955806331028,34.74409491379983
Line_C,94.09,8,Op_03,Afternoon,19.616384242183436,52.87891145255204
Line_C,92.59,9,Op_01,Morning,24.66167887996574,38.88602514834021
Line_C,91.99,10,Op_02,Night,20.171163056704938,47.97721339005524
Line_C,90.59,11,Op_01,Afternoon,20.18771820033872,43.34699683546949
Line_C,89.78,12,Op_02,Afternoon,24.658173663883048,51.27465750719058
Line_C,95.52,13,Op_03,Morning,20.104694024693995,48.605324925724794
Line_C,92.88,14,Op_03,Afternoon,19.0730484354487,47.94664146745711
Line_C,89.83,15,Op_03,Night,20.071902927761734,46.10994664239448
Line_C,91.59,16,Op_02,Night,22.37835403237473,42.3134103626297
Line_C,88.6,17,Op_02,Afternoon,20.995059528700793,40.04955996367009
Line_C,84.44,18,Op_03,Morning,25.633401719971097,38.084770089930345
Line_C,86.07,19,Op_03,Morning,22.068392426784147,41.871546214768685
Line_C,87.62,20,Op_03,Morning,19.51963430108518,49.56065784751344
Line_C,87.27,21,Op_03,Night,18.264005511962754,39.99038259409697
Line_C,86.52,22,Op_02,Night,23.800949285808034,51.04509369890896
Line_C,86.48,23,Op_02,Morning,22.600497695371622,39.870959676648894
Line_C,92.25,24,Op_02,Morning,23.21675571463828,44.17805676431388
Line_C,93.64,25,Op_01,Morning,21.14612759643239,47.25549148815726
Line_C,91.89,26,Op_03,Afternoon,22.30839833692179,50.13270392782827
Line_C,81.29,27,Op_01,Afternoon,24.381291098106434,43.16702825656064
Line_C,90.81,28,Op_03,Night,22.011062944035768,47.40624304216051
Line_C,89.61,29,Op_01,Morning,19.705409930878442,46.06285827005172
Line_C,87.12,30,Op_02,Morning,23.445555005708187,43.751105691743014
Line_C,85.58,31,Op_03,Night,21.302094463680625,39.806564910387614
Line_C,86.02,32,Op_03,Morning,23.932392473936638,47.20022358235463
Line_C,89.78,33,Op_03,Night,22.050943521130623,45.139315314902476
Line_C,87.86,34,Op_02,Night,23.723633216883123,43.40228188272011
Line_C,90.28,35,Op_02,Night,23.014042088111047,45.57387828882399
Line_C,89.0,36,Op_03,Morning,24.596037523683833,47.85577872239768
Line_C,90.84,37,Op_01,Afternoon,23.92415055803152,36.6006290348258
Line_C,88.4,38,Op_02,Morning,19.390383327645587,42.26872383022399
Line_C,83.1,39,Op_01,Morning,18.25273612571503,40.129074967785044
Line_C,81.74,40,Op_01,Night,21.846092123391,40.50737824583281
Line_C,88.54,41,Op_02,Morning,23.203644295430163,41.055483192367035
Line_C,88.48,42,Op_02,Night,20.549319045520978,50.49205816771517
Line_C,84.93,43,Op_02,Afternoon,22.89131660975104,46.666209850022085
Line_C,87.64,44,Op_02,Night,22.807047824946732,39.50016735661576
Line_C,85.67,45,Op_01,Morning,21.854028543660654,45.92912269017846
Line_C,85.71,46,Op_03,Afternoon,20.730715580457534,47.141102167080774
Line_C,83.06,47,Op_03,Night,19.96125009446896,43.206513649159454
Line_C,87.67,48,Op_03,Morning,26.958347758477654,38.563378818332914
Line_C,86.17,49,Op_01,Morning,17.758550053022965,39.5569502101242
Line_C,89.04,50,Op_02,Night,19.52231461807239,37.069189904488525
Line_C,82.84,51,Op_01,Afternoon,27.200921323217827,55.69968791169539
Line_C,90.09,52,Op_03,Morning,19.933961344342535,36.3566690025132
Line_C,86.92,53,Op_03,Night,20.874718495843567,38.728959920294756
Line_C,85.44,54,Op_02,Afternoon,23.36014820407161,44.88256749379558
Line_C,87.49,55,Op_01,Morning,22.962140654787888,35.86303373655875
Line_C,84.17,56,Op_03,Morning,22.886124464377048,39.20573729596302
Line_C,88.23,57,Op_02,Afternoon,24.99079975963838,45.57464713428954
Line_C,89.59,58,Op_03,Night,20.083904061627226,46.01600501069791
Line_C,89.54,59,Op_02,Afternoon,22.34991518849507,47.04859222034066
Line_C,90.78,60,Op_01,Afternoon,21.892606243107515,48.57723558733458
Line_C,87.75,61,Op_02,Afternoon,20.241941485353458,44.79835670266583
Line_C,91.83,62,Op_03,Afternoon,22.20750323467261,41.55564613005212
Line_C,90.3,63,Op_03,Afternoon,23.120681893540215,47.28698519498094
Line_C,91.93,64,Op_02,Night,23.169770370178064,51.95251692037962
Line_C,94.42,65,Op_03,Night,24.13887220877316,48.088202326037845
Line_C,84.73,66,Op_03,Morning,21.91997557218804,40.681202267763645
Line_C,88.15,67,Op_03,Night,19.98526430736502,48.07082018429185
Line_C,86.91,68,Op_03,Afternoon,19.231843081762527,47.79604003443812
Line_C,95.48,69,Op_02,Afternoon,21.077177739754177,38.814540143830975
Line_C,90.72,70,Op_02,Afternoon,19.294675064525705,43.83476141158658
Line_C,89.63,71,Op_01,Morning,20.57858787888234,47.83309724931572
Line_C,92.19,72,Op_03,Night,19.636364929952695,50.80581175635024
Line_C,88.46,73,Op_01,Afternoon,20.690369029573652,41.767138926068476
Line_C,89.64,74,Op_02,Morning,25.566891523252423,37.71363985528775
Line_C,86.68,75,Op_03,Night,21.75331001947261,47.54298971417505
Line_C,83.76,76,Op_03,Morning,25.144572469088317,43.75925408129097
Line_C,90.36,77,Op_02,Night,22.83534924639554,46.19832729747337
Line_C,84.61,78,Op_02,Morning,20.755150539646213,45.95138444365574
Line_C,,79,Op_02,Morning,21.7534088253086,45.74258840818659
Line_C,90.4,80,Op_01,Night,18.698636091167995,42.932106498891706
Line_C,80.27,81,Op_02,Morning,21.33780074540759,49.53290835319073
Line_C,90.0,82,Op_01,Morning,19.37832841802989,40.75566845692763
Line_C,87.51,83,Op_02,Afternoon,23.197104695382144,46.326509227445676
Line_C,83.75,84,Op_01,Afternoon,21.130217411657927,46.95087078224485
Line_C,81.36,85,Op_03,Afternoon,21.392775663451562,44.02233928513205
Line_C,86.32,86,Op_02,Afternoon,21.164130770195253,48.96624513863625
Line_C,85.97,87,Op_01,Night,23.796787684791276,42.67430732658459
Line_C,89.78,88,Op_03,Afternoon,20.22032851865533,56.48408068876111
Line_C,86.72,89,Op_02,Afternoon,20.08831818615264,46.18299340608513
Line_C,83.3,90,Op_01,Afternoon,22.685193585965997,51.19156068271367
Line_C,81.97,91,Op_02,Afternoon,24.17265604282445,49.440259845228354
Line_C,87.16,92,Op_03,Night,22.662557363779733,52.117712942921116
Line_C,86.85,93,Op_03,Morning,26.37370624938265,45.44040641016144
Line_C,90.93,94,Op_02,Morning,20.1314907271833,50.63567698111131
Line_C,85.64,95,Op_01,Night,17.66688503846282,52.27998734653873
Line_C,88.53,96,Op_01,Night,22.97446065511209,46.4399886944182
Line_C,87.04,97,Op_02,Morning,21.693426973917997,41.507172834405296
Line_C,79.52,98,Op_01,Afternoon,22.943127531130504,54.1487967575814
Line_C,89.96,99,Op_01,Afternoon,23.71275087504043,45.09505462798579
Line_C,86.72,100,Op_03,Night,18.949293757256033,45.39290660370692
Line_D,85.95,1,Op_02,Morning,20.932608656235743,45.05814783124398
Line_D,82.45,2,Op_03,Night,18.913734478449776,48.896797656041265
Line_D,86.57,3,Op_01,Afternoon,25.430583452680512,52.66206882408759
Line_D,86.78,4,Op_01,Afternoon,22.41931789867597,36.16491799212446
Line_D,85.69,5,Op_03,Night,19.8994031639696,40.88473359821677
Line_D,85.66,6,Op_03,Night,26.13245089026912,37.19973407718682
Line_D,85.26,7,Op_01,Morning,21.538766532473115,51.47579578684302
Line_D,84.83,8,Op_03,Night,23.395517613186396,45.77921214059326
Line_D,88.82,9,Op_02,Night,20.862230165716078,43.801364608942286
Line_D,87.38,10,Op_03,Morning,21.774297346818887,43.61058054592376
Line_D,89.69,11,Op_02,Afternoon,21.80563708824285,38.47711132505732
Line_D,84.65,12,Op_02,Morning,22.970602733445144,47.11538260178475
Line_D,90.45,13,Op_01,Morning,24.25908252950909,52.407388788201466
Line_D,89.62,14,Op_01,Afternoon,21.23194064539266,48.69934264404738
Line_D,85.62,15,Op_01,Afternoon,21.749235105879478,41.606157409323636
Line_D,84.09,16,Op_03,Morning,24.914616826279275,39.843544285815746
Line_D,88.43,17,Op_01,Night,22.964915414501824,47.75549574494168
Line_D,80.7,18,Op_03,Night,21.891703169332693,40.13974847687926
Line_D,84.68,19,Op_02,Afternoon,24.09813460478307,42.614083018111764
Line_D,86.96,20,Op_03,Morning,21.46935460008159,40.158575662519695
Line_D,85.33,21,Op_02,Night,21.07284728816368,46.24551642804471
Line_D,81.94,22,Op_02,Morning,22.581296378115407,37.89753972415958
Line_D,85.83,23,Op_01,Afternoon,22.192733169672646,56.94259665933664
Line_D,81.83,24,Op_01,Morning,21.14229525696284,40.68888658095876
Line_D,86.06,25,Op_03,Afternoon,22.658171048363958,38.20027980921823
Line_D,83.58,26,Op_01,Afternoon,18.844299406578223,56.004941317463704
Line_D,84.28,27,Op_02,Night,20.94282867776969,41.14234038569231
Line_D,81.7,28,Op_03,Afternoon,19.2470970032218,45.61329641358386
Line_D,87.11,29,Op_03,Afternoon,19.663423712826653,52.51635353709844
Line_D,83.72,30,Op_02,Night,18.695341271886335,40.86522244706669
Line_D,81.49,31,Op_01,Night,21.714766085741484,38.30992841959913
Line_D,83.51,32,Op_03,Afternoon,20.869511269357243,41.36178837206838
Line_D,89.88,33,Op_03,Night,22.733083801016623,40.2432119747927
Line_D,84.87,34,Op_03,Morning,22.85849112494253,58.23383621610798
Line_D,87.38,35,Op_01,Morning,24.55687412311725,47.89458875475648
Line_D,77.91,36,Op_03,Afternoon,20.51904464375412,45.21115814507457
Line_D,82.82,37,Op_02,Night,22.423841170717715,46.74146727418504
Line_D,80.0,38,Op_01,Morning,21.44548526015039,39.7672779118644
Line_D,81.69,39,Op_02,Night,22.746167366937993,45.381116240464976
Line_D,80.86,40,Op_03,Morning,22.49986989942292,43.78450712308487
Line_D,88.11,41,Op_01,Morning,21.346123065540162,47.741838345140906
Line_D,86.19,42,Op_03,Afternoon,21.86315055725875,42.29561058945742
Line_D,81.13,43,Op_02,Night,19.174622599881715,41.720337109597956
Line_D,82.27,44,Op_03,Night,23.03352056413834,37.36514671360692
Line_D,85.31,45,Op_01,Afternoon,18.145758591248423,57.14090615885213
Line_D,87.31,46,Op_03,Night,22.926524336159755,46.74026403587636
Line_D,88.0,47,Op_02,Night,19.196249525723882,40.87082142246996
Line_D,86.75,48,Op_01,Morning,23.431631046854744,42.583876651732446
Line_D,91.07,49,Op_01,Morning,22.8862945214648,40.634084197557705
Line_D,86.4,50,Op_01,Night,20.765532659528077,55.16146792359211
Line_D,83.54,51,Op_03,Night,18.116514629819147,45.28639313321936
Line_D,82.43,52,Op_02,Night,22.826050501688474,41.56217415023338
Line_D,81.69,53,Op_03,Morning,19.131400066002396,50.73063998574266
Line_D,81.41,54,Op_01,Morning,23.72416745417592,29.741754894451766
Line_D,88.17,55,Op_01,Morning,19.283280997265468,44.66476408308938
Line_D,91.53,56,Op_03,Afternoon,19.05304154940853,40.12620202069995
Line_D,86.47,57,Op_02,Afternoon,21.35611721857952,42.06999427244644
Line_D,92.62,58,Op_02,Night,19.02155547422963,46.956577346499294
Line_D,86.42,59,Op_01,Night,21.51896138001119,39.31322030954277
Line_D,88.53,60,Op_02,Morning,18.449483817491217,47.18177520069632
Line_D,80.92,61,Op_03,Night,22.4546781853734,39.928079554033154
Line_D,89.33,62,Op_01,Afternoon,20.31943058377739,37.9500856017867
Line_D,84.27,63,Op_03,Afternoon,26.04393198627207,41.2239393548443
Line_D,89.39,64,Op_01,Night,22.245083340781285,48.630683141695336
Line_D,90.94,65,Op_01,Morning,22.504101213186637,48.036884780449554
Line_D,,66,Op_03,Night,22.10516373143274,43.06059086734746
Line_D,87.82,67,Op_01,Afternoon,18.40072549165189,45.21763360436097
Line_D,86.61,68,Op_02,Night,22.42007734964838,53.47924677881993
Line_D,88.31,69,Op_01,Afternoon,17.547965370171728,50.15365186828171
Line_D,92.48,70,Op_02,Morning,26.27917323585929,41.74888845067553
Line_D,85.81,71,Op_01,Morning,18.182838121434482,35.53831500978351
Line_D,86.18,72,Op_02,Morning,19.190973001710773,48.49105645424231
Line_D,79.2,73,Op_02,Morning,23.196708046015072,42.788098206563504
Line_D,86.71,74,Op_03,Morning,23.545303274164077,35.415920571288424
Line_D,82.31,75,Op_02,Night,24.686582650263514,45.743819513845764
Line_D,84.16,76,Op_01,Afternoon,24.66532185603115,47.329337378205096
Line_D,86.34,77,Op_03,Morning,20.018763943654147,40.06003656484952
Line_D,78.83,78,Op_01,Morning,17.950298230634367,52.834511329073216
Line_D,85.94,79,Op_01,Afternoon,22.516116208233125,44.67214742938056
Line_D,85.03,80,Op_03,Night,19.729731341871492,46.68094470839947
Line_D,86.46,81,Op_03,Afternoon,20.941267149119188,39.0319228685618
Line_D,,82,Op_01,Night,21.80475959465256,45.21986615082039
Line_D,87.65,83,Op_01,Afternoon,24.70844107974351,42.52798643178281
Line_D,84.72,84,Op_02,Night,23.11772732619085,55.65107138975232
Line_D,81.1,85,Op_02,Morning,21.009283691310845,42.27014712313482
Line_D,78.74,86,Op_03,Night,20.105329471542206,43.940217999317326
Line_D,81.61,87,Op_02,Night,19.572761532505204,38.51432192475081
Line_D,86.55,88,Op_01,Afternoon,26.602455326228498,52.19370863024726
Line_D,85.08,89,Op_02,Morning,21.245620361815682,42.223112194517434
Line_D,76.06,90,Op_01,Night,22.985120683465503,37.69863997037943
Line_D,82.47,91,Op_02,Afternoon,24.248873397563834,48.1025461829176
Line_D,84.16,92,Op_01,Afternoon,22.219740046844585,48.331145635632794
Line_D,90.52,93,Op_03,Afternoon,23.811072041657066,41.49273180655426
Line_D,88.47,94,Op_01,Afternoon,21.214017779917477,38.53324966100394
Line_D,83.49,95,Op_01,Morning,24.28892532302734,44.20605980138196
Line_D,84.9,96,Op_03,Afternoon,24.40807197471199,42.1216221077468
Line_D,79.67,97,Op_01,Night,20.1145702034721,42.73998478903591
Line_D,75.43,98,Op_03,Morning,21.668328980297172,47.078268234854356
Line_D,83.42,99,Op_01,Afternoon,23.009664177420298,47.94605244868072
Line_D,88.51,100,Op_01,Morning,22.73441976442109,44.940667492188076
