respondent_id,question,response,response_scale,age_group,gender,response_time_seconds
R001,Q1_Satisfaction,2,5,18-25,Male,33.25580378944989
R002,Q1_Satisfaction,5,5,18-25,Female,38.3961574558493
R003,Q1_Satisfaction,2,5,26-35,Female,28.16711016287487
R004,Q1_Satisfaction,3,5,18-25,Male,22.13346396083628
R005,Q1_Satisfaction,4,5,55+,Other,3.674300375199159
R006,Q1_Satisfaction,2,5,18-25,Other,28.108522454201005
R007,Q1_Satisfaction,5,5,18-25,Male,25.085091029263538
R008,Q1_Satisfaction,4,5,46-55,Female,73.19630714435249
R009,Q1_Satisfaction,4,5,26-35,Other,61.714322503677465
R010,Q1_Satisfaction,2,5,26-35,Male,0.6224132740076521
R011,Q1_Satisfaction,5,5,26-35,Other,125.18722873840743
R012,Q1_Satisfaction,4,5,26-35,Female,25.002846181620612
R013,Q1_Satisfaction,4,5,26-35,Other,74.30233916910208
R014,Q1_Satisfaction,1,5,46-55,Male,4.848534769361386
R015,Q1_Satisfaction,4,5,18-25,Female,35.758240672809194
R016,Q1_Satisfaction,4,5,36-45,Male,18.395788868762928
R017,Q1_Satisfaction,3,5,18-25,Male,4.320550472677873
R018,Q1_Satisfaction,5,5,26-35,Other,0.6894649385654686
R019,Q1_Satisfaction,5,5,55+,Male,7.311023458575299
R020,Q1_Satisfaction,2,5,46-55,Male,0.5058704577768813
R021,Q1_Satisfaction,1,5,36-45,Other,27.322953084908388
R022,Q1_Satisfaction,4,5,26-35,Other,10.912108588005559
R023,Q1_Satisfaction,3,5,36-45,Other,92.15670002028486
R024,Q1_Satisfaction,1,5,46-55,Female,30.037384531160562
R025,Q1_Satisfaction,1,5,26-35,Other,43.28122751700488
R026,Q1_Satisfaction,2,5,46-55,Other,17.062428389063317
R027,Q1_Satisfaction,1,5,46-55,Female,9.326314547172522
R028,Q1_Satisfaction,3,5,18-25,Female,43.748304423758
R029,Q1_Satisfaction,3,5,26-35,Other,18.91565143229217
R030,Q1_Satisfaction,1,5,26-35,Other,231.52660253841984
R031,Q1_Satisfaction,2,5,55+,Other,26.93478811703892
R032,Q1_Satisfaction,4,5,18-25,Male,55.960509153817085
R033,Q1_Satisfaction,5,5,26-35,Other,10.18585462235236
R034,Q1_Satisfaction,1,5,26-35,Other,16.699146999835015
R035,Q1_Satisfaction,2,5,36-45,Other,8.256987673683225
R036,Q1_Satisfaction,5,5,55+,Female,44.805220844954
R037,Q1_Satisfaction,4,5,46-55,Male,42.471254983717834
R038,Q1_Satisfaction,4,5,55+,Other,26.944705757613782
R039,Q1_Satisfaction,3,5,18-25,Other,39.40214812977694
R040,Q1_Satisfaction,4,5,55+,Other,13.415949355388909
R041,Q1_Satisfaction,4,5,55+,Female,63.1303902371944
R042,Q1_Satisfaction,3,5,55+,Other,76.64732008194613
R043,Q1_Satisfaction,4,5,36-45,Other,32.717874499419736
R044,Q1_Satisfaction,4,5,18-25,Female,14.002845810916419
R045,Q1_Satisfaction,5,5,46-55,Female,55.31317974516773
R046,Q1_Satisfaction,1,5,18-25,Female,118.2721328467669
R047,Q1_Satisfaction,5,5,46-55,Female,25.95321655021693
R048,Q1_Satisfaction,5,5,36-45,Female,32.35079463820526
R049,Q1_Satisfaction,2,5,18-25,Female,57.04303459297254
R050,Q1_Satisfaction,2,5,36-45,Female,33.50183799105676
R051,Q1_Satisfaction,1,5,36-45,Female,6.57490562501311
R052,Q1_Satisfaction,2,5,26-35,Female,16.50298612570678
R053,Q1_Satisfaction,4,5,55+,Other,28.40549821658746
R054,Q1_Satisfaction,2,5,46-55,Male,18.696184451945562
R055,Q1_Satisfaction,5,5,26-35,Other,34.17895977723015
R056,Q1_Satisfaction,5,5,36-45,Female,9.919190761984972
R057,Q1_Satisfaction,1,5,36-45,Other,5.185838835897153
R058,Q1_Satisfaction,4,5,26-35,Female,0.864981280166224
R059,Q1_Satisfaction,1,5,46-55,Male,1.1912408100867395
R060,Q1_Satisfaction,4,5,55+,Male,13.235523158560762
R061,Q1_Satisfaction,3,5,18-25,Female,0.6599273691118274
R062,Q1_Satisfaction,5,5,55+,Female,9.510609213597668
R063,Q1_Satisfaction,5,5,55+,Other,21.609746567294355
R064,Q1_Satisfaction,3,5,26-35,Other,40.89533683957032
R065,Q1_Satisfaction,5,5,26-35,Female,26.670118250228604
R066,Q1_Satisfaction,5,5,26-35,Male,22.944196296583726
R067,Q1_Satisfaction,1,5,46-55,Other,8.317409466055157
R068,Q1_Satisfaction,3,5,26-35,Other,0.47644024137991065
R069,Q1_Satisfaction,3,5,26-35,Male,4.1697971320158285
R070,Q1_Satisfaction,3,5,26-35,Male,120.23020265518257
R071,Q1_Satisfaction,4,5,36-45,Other,78.83653133339595
R072,Q1_Satisfaction,3,5,46-55,Female,11.181450296171965
R073,Q1_Satisfaction,3,5,18-25,Male,11.613238964348389
R074,Q1_Satisfaction,1,5,55+,Other,66.58165396203916
R075,Q1_Satisfaction,4,5,18-25,Female,2.453833573374419
R076,Q1_Satisfaction,2,5,46-55,Female,5.640964332126391
R077,Q1_Satisfaction,5,5,36-45,Female,3.764112449127444
R078,Q1_Satisfaction,4,5,55+,Other,61.419206619001315
R079,Q1_Satisfaction,3,5,26-35,Other,0.19858713161064348
R080,Q1_Satisfaction,1,5,46-55,Male,0.4368404995942671
R081,Q1_Satisfaction,1,5,55+,Male,50.43495693200003
R082,Q1_Satisfaction,2,5,55+,Female,30.392774997707278
R083,Q1_Satisfaction,3,5,18-25,Female,24.84786531147067
R084,Q1_Satisfaction,4,5,55+,Other,76.86486063003373
R085,Q1_Satisfaction,1,5,55+,Other,19.812911222830795
R086,Q1_Satisfaction,4,5,18-25,Male,18.86820247996076
R087,Q1_Satisfaction,4,5,36-45,Male,16.381774548078685
R088,Q1_Satisfaction,4,5,36-45,Other,31.687091499664913
R089,Q1_Satisfaction,5,5,55+,Female,11.711198866391872
R090,Q1_Satisfaction,5,5,46-55,Female,33.114337726228044
R091,Q1_Satisfaction,4,5,46-55,Male,36.48823068109989
R092,Q1_Satisfaction,4,5,55+,Male,7.127461278450275
R093,Q1_Satisfaction,4,5,55+,Female,27.112351370474794
R094,Q1_Satisfaction,4,5,55+,Other,38.92630791054325
R095,Q1_Satisfaction,1,5,36-45,Female,97.49344524177768
R096,Q1_Satisfaction,5,5,55+,Female,83.8590852325357
R097,Q1_Satisfaction,4,5,46-55,Female,6.8846318251555685
R098,Q1_Satisfaction,3,5,26-35,Male,25.832459413014043
R099,Q1_Satisfaction,3,5,18-25,Female,19.01039743610883
R100,Q1_Satisfaction,2,5,26-35,Female,12.888743130808681
R101,Q1_Satisfaction,3,5,46-55,Female,12.563382858910686
R102,Q1_Satisfaction,4,5,46-55,Female,106.15180158169228
R103,Q1_Satisfaction,3,5,55+,Other,1.1184572126208683
R104,Q1_Satisfaction,5,5,26-35,Other,57.425228320629195
R105,Q1_Satisfaction,2,5,26-35,Male,18.126000585805663
R106,Q1_Satisfaction,5,5,36-45,Female,25.088457655936015
R107,Q1_Satisfaction,4,5,36-45,Other,40.3258713659618
R108,Q1_Satisfaction,5,5,36-45,Male,18.283985067927873
R109,Q1_Satisfaction,3,5,26-35,Female,131.03655941137134
R110,Q1_Satisfaction,3,5,55+,Female,60.66444682843424
R111,Q1_Satisfaction,4,5,18-25,Female,7.202710377690307
R112,Q1_Satisfaction,3,5,26-35,Female,33.29854422442315
R113,Q1_Satisfaction,5,5,55+,Other,19.351586113215753
R114,Q1_Satisfaction,4,5,18-25,Other,13.439290981005227
R115,Q1_Satisfaction,3,5,55+,Female,13.000720527751536
R116,Q1_Satisfaction,2,5,55+,Female,5.329051232888196
R117,Q1_Satisfaction,4,5,36-45,Male,18.355458971671823
R118,Q1_Satisfaction,4,5,26-35,Other,27.165047902044204
R119,Q1_Satisfaction,5,5,18-25,Female,48.033844841073865
R120,Q1_Satisfaction,4,5,36-45,Male,10.22301859704953
R121,Q1_Satisfaction,3,5,18-25,Male,44.59148849663369
R122,Q1_Satisfaction,3,5,18-25,Female,24.20780562490176
R123,Q1_Satisfaction,4,5,46-55,Other,8.95385212293769
R124,Q1_Satisfaction,2,5,18-25,Male,46.394928926852735
R125,Q1_Satisfaction,4,5,55+,Male,27.706094446602332
R126,Q1_Satisfaction,1,5,18-25,Male,92.95550344581252
R127,Q1_Satisfaction,4,5,36-45,Male,10.20784995821849
R128,Q1_Satisfaction,5,5,46-55,Male,108.504670449771
R129,Q1_Satisfaction,5,5,46-55,Female,24.32763001490352
R130,Q1_Satisfaction,5,5,55+,Male,18.196834656647273
R131,Q1_Satisfaction,4,5,36-45,Other,62.3700367229779
R132,Q1_Satisfaction,5,5,46-55,Other,5.155107471325219
R133,Q1_Satisfaction,5,5,46-55,Male,18.59643868595786
R134,Q1_Satisfaction,2,5,46-55,Male,4.022691388509131
R135,Q1_Satisfaction,2,5,26-35,Male,28.496679100348416
R136,Q1_Satisfaction,5,5,36-45,Female,1.3026064551230532
R137,Q1_Satisfaction,3,5,46-55,Male,117.63648176478732
R138,Q1_Satisfaction,3,5,36-45,Female,0.24541606025488322
R139,Q1_Satisfaction,1,5,55+,Male,80.72204661712185
R140,Q1_Satisfaction,5,5,36-45,Female,31.001661271056395
R141,Q1_Satisfaction,1,5,55+,Female,51.9082522109476
R142,Q1_Satisfaction,4,5,26-35,Male,13.300685831545724
R143,Q1_Satisfaction,2,5,55+,Male,8.391598852867618
R144,Q1_Satisfaction,1,5,55+,Male,5.704081230500536
R145,Q1_Satisfaction,3,5,18-25,Male,22.727652911009375
R146,Q1_Satisfaction,4,5,55+,Female,9.300726539027636
R147,Q1_Satisfaction,1,5,26-35,Male,63.63620655872061
R148,Q1_Satisfaction,5,5,55+,Other,0.9118801091285149
R149,Q1_Satisfaction,4,5,55+,Other,2.650339574949318
R150,Q1_Satisfaction,1,5,26-35,Male,7.293144142751967
R151,Q1_Satisfaction,3,5,55+,Female,2.577861604342931
R152,Q1_Satisfaction,5,5,55+,Other,52.809361228572925
R153,Q1_Satisfaction,5,5,36-45,Female,0.12156306880719256
R154,Q1_Satisfaction,4,5,18-25,Male,31.63689612345259
R155,Q1_Satisfaction,4,5,55+,Male,18.23567613245175
R156,Q1_Satisfaction,5,5,46-55,Male,44.44973316545916
R157,Q1_Satisfaction,3,5,26-35,Other,15.849472637289193
R158,Q1_Satisfaction,4,5,46-55,Male,31.07352053426768
R159,Q1_Satisfaction,4,5,46-55,Female,30.58741720216517
R160,Q1_Satisfaction,4,5,46-55,Female,13.569189551026975
R161,Q1_Satisfaction,5,5,46-55,Female,3.6376610047167777
R162,Q1_Satisfaction,4,5,26-35,Male,17.023081286715765
R163,Q1_Satisfaction,2,5,18-25,Female,62.398301012884474
R164,Q1_Satisfaction,5,5,46-55,Other,47.74540650881509
R165,Q1_Satisfaction,1,5,36-45,Other,13.92950820916535
R166,Q1_Satisfaction,4,5,55+,Female,60.58045312228916
R167,Q1_Satisfaction,3,5,46-55,Other,17.326699215854305
R168,Q1_Satisfaction,4,5,46-55,Female,6.553793376649727
R169,Q1_Satisfaction,1,5,55+,Other,59.853023666155956
R170,Q1_Satisfaction,2,5,55+,Other,20.415156846215755
R171,Q1_Satisfaction,1,5,26-35,Male,17.065944201612954
R172,Q1_Satisfaction,4,5,55+,Female,8.033069029646901
R173,Q1_Satisfaction,2,5,18-25,Female,43.39489471384545
R174,Q1_Satisfaction,5,5,36-45,Other,23.97011250476011
R175,Q1_Satisfaction,3,5,46-55,Other,6.97066977288361
R176,Q1_Satisfaction,4,5,26-35,Male,9.005362083127121
R177,Q1_Satisfaction,5,5,46-55,Female,14.460550787237391
R178,Q1_Satisfaction,5,5,18-25,Male,22.928000332012292
R179,Q1_Satisfaction,3,5,46-55,Other,49.069961585104814
R180,Q1_Satisfaction,4,5,36-45,Other,6.967240825571461
R181,Q1_Satisfaction,3,5,18-25,Male,40.24929562842666
R182,Q1_Satisfaction,3,5,46-55,Other,74.38954683381623
R183,Q1_Satisfaction,4,5,55+,Other,15.109570815934385
R184,Q1_Satisfaction,3,5,55+,Female,13.663077290721525
R185,Q1_Satisfaction,4,5,36-45,Other,19.485938727639304
R186,Q1_Satisfaction,2,5,18-25,Female,50.964893929081825
R187,Q1_Satisfaction,4,5,26-35,Other,2.91327124964932
R188,Q1_Satisfaction,5,5,55+,Female,14.694549643572838
R189,Q1_Satisfaction,4,5,55+,Other,0.8927428496826654
R190,Q1_Satisfaction,4,5,46-55,Female,21.884609746752044
R191,Q1_Satisfaction,5,5,18-25,Female,86.53867571603422
R192,Q1_Satisfaction,2,5,55+,Female,5.239604551430965
R193,Q1_Satisfaction,3,5,46-55,Female,8.84728606250774
R194,Q1_Satisfaction,2,5,26-35,Male,36.00971966742015
R195,Q1_Satisfaction,4,5,26-35,Female,35.18523061836173
R196,Q1_Satisfaction,4,5,55+,Other,27.24395294101166
R197,Q1_Satisfaction,5,5,55+,Male,8.300992629166682
R198,Q1_Satisfaction,5,5,55+,Other,2.066559571075752
R199,Q1_Satisfaction,4,5,18-25,Other,7.541466587175264
R200,Q1_Satisfaction,4,5,55+,Male,30.570512819125515
R201,Q1_Satisfaction,4,5,46-55,Female,10.53953614921579
R202,Q1_Satisfaction,4,5,26-35,Male,55.302481295669374
R203,Q1_Satisfaction,1,5,18-25,Other,28.73291187108717
R204,Q1_Satisfaction,1,5,26-35,Male,1.5384228696729585
R205,Q1_Satisfaction,5,5,18-25,Female,2.769834452169775
R206,Q1_Satisfaction,3,5,26-35,Female,9.879863403540481
R207,Q1_Satisfaction,3,5,55+,Male,25.569677216626864
R208,Q1_Satisfaction,3,5,55+,Other,82.87941334861432
R209,Q1_Satisfaction,1,5,46-55,Female,3.269288015651133
R210,Q1_Satisfaction,5,5,55+,Female,53.276563544110765
R211,Q1_Satisfaction,2,5,26-35,Other,25.51657073263158
R212,Q1_Satisfaction,5,5,46-55,Male,13.5728523537291
R213,Q1_Satisfaction,4,5,26-35,Female,30.89766235875924
R214,Q1_Satisfaction,5,5,36-45,Other,46.115333883465276
R215,Q1_Satisfaction,1,5,46-55,Male,13.328759973713762
R216,Q1_Satisfaction,3,5,46-55,Other,75.65533182077333
R217,Q1_Satisfaction,5,5,18-25,Other,24.017983235794638
R218,Q1_Satisfaction,4,5,26-35,Other,5.12037296465345
R219,Q1_Satisfaction,4,5,26-35,Male,23.74117493842264
R220,Q1_Satisfaction,4,5,26-35,Male,43.50556386567714
R221,Q1_Satisfaction,2,5,55+,Other,26.498522655317903
R222,Q1_Satisfaction,4,5,18-25,Male,26.320982758939326
R223,Q1_Satisfaction,3,5,18-25,Other,0.844173595784386
R224,Q1_Satisfaction,3,5,26-35,Male,18.671448217053175
R225,Q1_Satisfaction,4,5,55+,Other,13.65136005281073
R226,Q1_Satisfaction,1,5,26-35,Female,1.3432719232491879
R227,Q1_Satisfaction,1,5,55+,Other,34.29304414443329
R228,Q1_Satisfaction,1,5,36-45,Male,6.067904971798317
R229,Q1_Satisfaction,4,5,18-25,Female,12.919709476209674
R230,Q1_Satisfaction,1,5,36-45,Female,25.853590265087448
R231,Q1_Satisfaction,1,5,46-55,Other,17.409846200412893
R232,Q1_Satisfaction,4,5,18-25,Female,36.29667971752075
R233,Q1_Satisfaction,3,5,36-45,Female,55.884034580635145
R234,Q1_Satisfaction,3,5,36-45,Other,5.562647978443403
R235,Q1_Satisfaction,3,5,46-55,Female,9.796601492917715
R236,Q1_Satisfaction,5,5,55+,Other,6.167112347488623
R237,Q1_Satisfaction,1,5,46-55,Female,20.746137880965478
R238,Q1_Satisfaction,5,5,55+,Male,2.47720239979829
R239,Q1_Satisfaction,2,5,46-55,Other,40.55914828360964
R240,Q1_Satisfaction,3,5,18-25,Male,4.1069579401625
R241,Q1_Satisfaction,5,5,36-45,Male,87.99369068076801
R242,Q1_Satisfaction,4,5,36-45,Other,55.046975569220194
R243,Q1_Satisfaction,3,5,55+,Female,104.49365553221664
R244,Q1_Satisfaction,5,5,46-55,Other,1.2428192116262136
R245,Q1_Satisfaction,5,5,26-35,Female,6.888415523732423
R246,Q1_Satisfaction,3,5,18-25,Other,97.3439460910693
R247,Q1_Satisfaction,4,5,26-35,Other,125.28124702051986
R248,Q1_Satisfaction,4,5,36-45,Male,9.884376924441998
R249,Q1_Satisfaction,4,5,46-55,Other,27.39539121601032
R250,Q1_Satisfaction,2,5,55+,Male,6.976762641594931
R001,Q2_Quality,5,5,36-45,Other,22.543824359724915
R002,Q2_Quality,2,5,46-55,Female,5.3032840604832385
R003,Q2_Quality,4,5,18-25,Female,20.468160259388238
R004,Q2_Quality,3,5,55+,Male,43.960912707550364
R005,Q2_Quality,4,5,36-45,Other,56.222227125036795
R006,Q2_Quality,4,5,18-25,Male,0.8196421853079947
R007,Q2_Quality,4,5,18-25,Female,6.196264438367049
R008,Q2_Quality,4,5,26-35,Other,79.80784325932323
R009,Q2_Quality,4,5,26-35,Female,45.657195492819916
R010,Q2_Quality,3,5,36-45,Male,38.02938267638966
R011,Q2_Quality,5,5,55+,Female,4.45311227688183
R012,Q2_Quality,4,5,36-45,Female,0.13109614065681738
R013,Q2_Quality,1,5,18-25,Male,26.659460745475368
R014,Q2_Quality,5,5,26-35,Male,60.30657872264864
R015,Q2_Quality,3,5,18-25,Female,2.2175446995560266
R016,Q2_Quality,5,5,18-25,Male,2.1570894380370333
R017,Q2_Quality,5,5,26-35,Male,196.15363346348965
R018,Q2_Quality,4,5,26-35,Other,8.090678055368713
R019,Q2_Quality,4,5,55+,Other,32.834061422833926
R020,Q2_Quality,5,5,18-25,Other,24.481117597285838
R021,Q2_Quality,3,5,26-35,Other,16.060092773197375
R022,Q2_Quality,4,5,36-45,Female,48.72521518059273
R023,Q2_Quality,2,5,18-25,Male,8.148836642242436
R024,Q2_Quality,5,5,55+,Other,9.849268408572309
R025,Q2_Quality,4,5,55+,Other,9.293191912137454
R026,Q2_Quality,2,5,18-25,Other,23.766603097526165
R027,Q2_Quality,4,5,46-55,Male,32.01787397891912
R028,Q2_Quality,4,5,18-25,Female,2.916931150738845
R029,Q2_Quality,3,5,36-45,Male,4.758784706455204
R030,Q2_Quality,1,5,55+,Female,3.774317275949854
R031,Q2_Quality,3,5,26-35,Male,31.613557205413418
R032,Q2_Quality,3,5,26-35,Other,29.45887451519247
R033,Q2_Quality,5,5,18-25,Male,53.18402359811678
R034,Q2_Quality,3,5,26-35,Female,10.127627052181428
R035,Q2_Quality,5,5,18-25,Female,39.569678091230195
R036,Q2_Quality,3,5,46-55,Female,10.071406563290735
R037,Q2_Quality,5,5,26-35,Male,41.79061117072733
R038,Q2_Quality,4,5,36-45,Female,28.093323054739578
R039,Q2_Quality,5,5,36-45,Male,16.030588747274376
R040,Q2_Quality,5,5,55+,Female,30.24261579171949
R041,Q2_Quality,4,5,26-35,Female,55.99158440808784
R042,Q2_Quality,5,5,18-25,Female,7.527950866764768
R043,Q2_Quality,5,5,46-55,Male,28.635534475447827
R044,Q2_Quality,5,5,36-45,Female,150.30510010709713
R045,Q2_Quality,3,5,55+,Other,47.89714754205694
R046,Q2_Quality,4,5,18-25,Female,10.671935324975966
R047,Q2_Quality,4,5,36-45,Female,46.05090591223586
R048,Q2_Quality,4,5,26-35,Male,20.488014450466764
R049,Q2_Quality,4,5,55+,Female,45.535061562797004
R050,Q2_Quality,4,5,55+,Male,3.085343077412817
R051,Q2_Quality,5,5,18-25,Other,57.998944535639396
R052,Q2_Quality,3,5,55+,Other,155.71815463632197
R053,Q2_Quality,4,5,36-45,Male,17.489713948211325
R054,Q2_Quality,5,5,18-25,Female,21.555459715431834
R055,Q2_Quality,2,5,36-45,Male,6.2140936519328305
R056,Q2_Quality,3,5,36-45,Other,34.51886575724791
R057,Q2_Quality,2,5,26-35,Female,2.4212211287582415
R058,Q2_Quality,2,5,55+,Male,25.084705890030165
R059,Q2_Quality,1,5,26-35,Male,16.26176997797484
R060,Q2_Quality,4,5,46-55,Female,6.693280639699179
R061,Q2_Quality,5,5,46-55,Female,52.28369814516347
R062,Q2_Quality,3,5,26-35,Male,41.723057443439586
R063,Q2_Quality,3,5,46-55,Female,10.687398662009285
R064,Q2_Quality,5,5,46-55,Male,14.645880846645197
R065,Q2_Quality,3,5,26-35,Male,8.734151422997762
R066,Q2_Quality,3,5,26-35,Male,7.064078988476296
R067,Q2_Quality,5,5,26-35,Female,7.506944258868507
R068,Q2_Quality,5,5,46-55,Other,4.309249573541132
R069,Q2_Quality,4,5,55+,Female,12.41757997611829
R070,Q2_Quality,1,5,36-45,Male,35.500035266185385
R071,Q2_Quality,4,5,36-45,Female,9.15936580087304
R072,Q2_Quality,5,5,55+,Other,36.411877717648125
R073,Q2_Quality,5,5,26-35,Other,43.48789267880007
R074,Q2_Quality,4,5,18-25,Male,12.383742579162822
R075,Q2_Quality,3,5,18-25,Female,1.782491589184721
R076,Q2_Quality,5,5,26-35,Other,37.95510211332251
R077,Q2_Quality,5,5,36-45,Male,4.485791993539898
R078,Q2_Quality,5,5,18-25,Other,9.604283577813685
R079,Q2_Quality,3,5,55+,Other,26.864493143369252
R080,Q2_Quality,5,5,18-25,Male,75.59553206926444
R081,Q2_Quality,4,5,55+,Female,42.218311562627385
R082,Q2_Quality,2,5,18-25,Male,9.409458255395224
R083,Q2_Quality,3,5,36-45,Female,50.26402093239411
R084,Q2_Quality,5,5,26-35,Male,15.818727922663866
R085,Q2_Quality,5,5,18-25,Male,4.670043880082669
R086,Q2_Quality,4,5,18-25,Male,11.106799727989014
R087,Q2_Quality,2,5,26-35,Female,51.74694556093875
R088,Q2_Quality,2,5,55+,Female,13.906007930910256
R089,Q2_Quality,3,5,18-25,Other,14.33877424048651
R090,Q2_Quality,1,5,46-55,Male,112.41091180888702
R091,Q2_Quality,4,5,55+,Other,21.786126044763574
R092,Q2_Quality,5,5,55+,Male,20.603280455638917
R093,Q2_Quality,4,5,55+,Other,39.26903500473083
R094,Q2_Quality,5,5,46-55,Female,97.86686160328517
R095,Q2_Quality,4,5,46-55,Female,136.15393191458224
R096,Q2_Quality,3,5,36-45,Male,45.45652395861352
R097,Q2_Quality,3,5,36-45,Female,61.551713656851874
R098,Q2_Quality,3,5,36-45,Other,71.3562979612409
R099,Q2_Quality,4,5,26-35,Female,40.99402363296167
R100,Q2_Quality,4,5,46-55,Female,24.933571326134604
R101,Q2_Quality,3,5,26-35,Other,8.634174035753123
R102,Q2_Quality,3,5,26-35,Female,39.139169228536986
R103,Q2_Quality,1,5,46-55,Other,20.904207683708815
R104,Q2_Quality,2,5,46-55,Female,74.73153413587664
R105,Q2_Quality,5,5,36-45,Male,0.04113791215066825
R106,Q2_Quality,2,5,18-25,Female,75.85571218469897
R107,Q2_Quality,4,5,26-35,Male,89.84623695994317
R108,Q2_Quality,4,5,46-55,Female,7.433405023680391
R109,Q2_Quality,5,5,46-55,Other,63.367586665271276
R110,Q2_Quality,4,5,36-45,Other,26.75925493812638
R111,Q2_Quality,4,5,36-45,Female,10.417965797438809
R112,Q2_Quality,2,5,26-35,Male,33.763257815390745
R113,Q2_Quality,5,5,18-25,Other,47.91201264254423
R114,Q2_Quality,3,5,18-25,Male,16.420102192888393
R115,Q2_Quality,3,5,55+,Other,29.122435036657148
R116,Q2_Quality,4,5,55+,Other,6.7509532538678725
R117,Q2_Quality,5,5,36-45,Other,0.9943479399824379
R118,Q2_Quality,3,5,26-35,Other,82.23291029506571
R119,Q2_Quality,5,5,55+,Female,5.025622322809672
R120,Q2_Quality,3,5,26-35,Male,21.632172791074108
R121,Q2_Quality,2,5,18-25,Other,2.6713584347243047
R122,Q2_Quality,4,5,36-45,Male,58.094892931634455
R123,Q2_Quality,5,5,26-35,Other,44.284177233764176
R124,Q2_Quality,5,5,18-25,Female,6.448181002626995
R125,Q2_Quality,2,5,18-25,Female,50.42439039018514
R126,Q2_Quality,4,5,26-35,Other,12.524224165694656
R127,Q2_Quality,3,5,26-35,Male,54.824185653237365
R128,Q2_Quality,4,5,55+,Female,8.657977561385794
R129,Q2_Quality,2,5,55+,Male,19.136122419250412
R130,Q2_Quality,4,5,46-55,Other,9.094994587849508
R131,Q2_Quality,5,5,18-25,Male,33.25232199327418
R132,Q2_Quality,4,5,46-55,Male,1.6783943660160412
R133,Q2_Quality,3,5,55+,Male,25.957104455797072
R134,Q2_Quality,5,5,18-25,Female,40.117818365620785
R135,Q2_Quality,4,5,26-35,Female,6.522104455280645
R136,Q2_Quality,2,5,18-25,Other,8.113198553093621
R137,Q2_Quality,4,5,26-35,Male,38.802598476437254
R138,Q2_Quality,5,5,36-45,Male,16.11977493304433
R139,Q2_Quality,3,5,26-35,Male,29.257018669172293
R140,Q2_Quality,3,5,18-25,Male,16.68872004837433
R141,Q2_Quality,3,5,55+,Other,16.27963875352271
R142,Q2_Quality,5,5,26-35,Other,10.72358594314891
R143,Q2_Quality,3,5,46-55,Female,26.388144752445665
R144,Q2_Quality,3,5,36-45,Female,27.438553027356534
R145,Q2_Quality,5,5,36-45,Male,41.85201105072842
R146,Q2_Quality,5,5,26-35,Female,20.894232550676627
R147,Q2_Quality,4,5,46-55,Male,24.76040099291102
R148,Q2_Quality,5,5,46-55,Other,56.42958101863515
R149,Q2_Quality,5,5,18-25,Male,1.2361616929191186
R150,Q2_Quality,3,5,36-45,Female,21.987173198844275
R151,Q2_Quality,4,5,26-35,Male,4.048904448639677
R152,Q2_Quality,5,5,46-55,Other,34.70322931035475
R153,Q2_Quality,5,5,26-35,Male,67.42638419683337
R154,Q2_Quality,4,5,18-25,Male,16.58357175676285
R155,Q2_Quality,4,5,26-35,Female,30.3024054884766
R156,Q2_Quality,5,5,26-35,Female,13.834421868326933
R157,Q2_Quality,4,5,46-55,Other,42.304555001639926
R158,Q2_Quality,5,5,46-55,Female,26.698924366350667
R159,Q2_Quality,3,5,46-55,Other,28.025239050530605
R160,Q2_Quality,5,5,55+,Other,5.71285331929614
R161,Q2_Quality,5,5,18-25,Male,0.20582063894156705
R162,Q2_Quality,4,5,46-55,Other,29.487161855414687
R163,Q2_Quality,4,5,55+,Male,3.57204292170964
R164,Q2_Quality,4,5,18-25,Other,4.298305060860192
R165,Q2_Quality,5,5,18-25,Male,5.362099804946881
R166,Q2_Quality,5,5,36-45,Other,15.322124465242391
R167,Q2_Quality,5,5,46-55,Female,8.420132372823486
R168,Q2_Quality,4,5,36-45,Male,92.07142381489373
R169,Q2_Quality,4,5,55+,Female,33.88903163802706
R170,Q2_Quality,3,5,55+,Female,6.477863516334653
R171,Q2_Quality,4,5,55+,Female,48.87124858507687
R172,Q2_Quality,4,5,26-35,Female,9.867409953216503
R173,Q2_Quality,4,5,18-25,Other,48.25516886228531
R174,Q2_Quality,4,5,26-35,Male,18.99182769937775
R175,Q2_Quality,5,5,46-55,Male,19.616184295282658
R176,Q2_Quality,3,5,36-45,Male,14.459353692524374
R177,Q2_Quality,5,5,26-35,Female,8.50543967973631
R178,Q2_Quality,3,5,55+,Male,34.84910145721628
R179,Q2_Quality,5,5,36-45,Other,20.997691504189962
R180,Q2_Quality,4,5,55+,Male,0.26740098999602735
R181,Q2_Quality,5,5,18-25,Male,11.639420172752677
R182,Q2_Quality,4,5,55+,Other,43.605306181590336
R183,Q2_Quality,4,5,55+,Female,10.505926440316237
R184,Q2_Quality,5,5,18-25,Other,34.6750451017447
R185,Q2_Quality,3,5,46-55,Male,6.8050481575621955
R186,Q2_Quality,3,5,46-55,Male,42.403263995521286
R187,Q2_Quality,5,5,26-35,Female,16.743737576939846
R188,Q2_Quality,5,5,18-25,Male,0.24000431403410838
R189,Q2_Quality,4,5,46-55,Other,31.463682802210677
R190,Q2_Quality,3,5,18-25,Male,25.76002709140907
R191,Q2_Quality,3,5,36-45,Male,25.32053649819171
R192,Q2_Quality,1,5,46-55,Other,91.02910933851962
R193,Q2_Quality,5,5,55+,Female,14.046992206796638
R194,Q2_Quality,4,5,26-35,Male,69.23471776486004
R195,Q2_Quality,4,5,46-55,Other,0.06842550760170087
R196,Q2_Quality,4,5,46-55,Male,98.66071418274606
R197,Q2_Quality,4,5,36-45,Female,24.076529290732736
R198,Q2_Quality,4,5,18-25,Other,21.377244426726662
R199,Q2_Quality,4,5,55+,Male,66.58868125656964
R200,Q2_Quality,5,5,55+,Female,30.33181378398738
R201,Q2_Quality,5,5,36-45,Other,22.1158418296961
R202,Q2_Quality,2,5,18-25,Male,14.551044573518979
R203,Q2_Quality,2,5,26-35,Female,32.29240168106286
R204,Q2_Quality,3,5,18-25,Female,1.6378994554008697
R205,Q2_Quality,1,5,55+,Female,8.543533411507894
R206,Q2_Quality,4,5,26-35,Female,3.188969662691247
R207,Q2_Quality,5,5,55+,Male,21.130789646816115
R208,Q2_Quality,3,5,46-55,Other,3.041924564282301
R209,Q2_Quality,4,5,55+,Other,50.03582394870755
R210,Q2_Quality,4,5,36-45,Male,10.330498142939177
R211,Q2_Quality,5,5,46-55,Female,29.22137629832973
R212,Q2_Quality,5,5,18-25,Female,12.184332379067664
R213,Q2_Quality,4,5,46-55,Male,36.061267328708574
R214,Q2_Quality,1,5,18-25,Male,13.094222881747505
R215,Q2_Quality,3,5,18-25,Female,14.308144565557265
R216,Q2_Quality,3,5,36-45,Other,19.62192267553262
R217,Q2_Quality,4,5,26-35,Male,11.72807580833123
R218,Q2_Quality,5,5,55+,Female,5.608640418431296
R219,Q2_Quality,2,5,46-55,Male,17.231499476599016
R220,Q2_Quality,3,5,36-45,Male,32.6805907880471
R221,Q2_Quality,4,5,36-45,Female,11.842469582343515
R222,Q2_Quality,5,5,46-55,Male,49.763832229542594
R223,Q2_Quality,3,5,26-35,Male,51.56908877408881
R224,Q2_Quality,4,5,55+,Female,7.019864378009023
R225,Q2_Quality,4,5,36-45,Other,9.438362454451529
R226,Q2_Quality,5,5,18-25,Male,0.06958425037593902
R227,Q2_Quality,5,5,26-35,Male,13.049041225441478
R228,Q2_Quality,5,5,55+,Male,73.18588218325141
R229,Q2_Quality,3,5,46-55,Male,45.7440889275494
R230,Q2_Quality,5,5,36-45,Male,96.91528192775058
R231,Q2_Quality,4,5,55+,Other,7.232832983464376
R232,Q2_Quality,4,5,36-45,Female,25.48016720013518
R233,Q2_Quality,4,5,55+,Female,13.610619376288618
R234,Q2_Quality,4,5,18-25,Other,28.703885776715566
R235,Q2_Quality,3,5,55+,Female,40.88733445977757
R236,Q2_Quality,3,5,18-25,Other,2.992708493265674
R237,Q2_Quality,4,5,46-55,Other,2.7574295563999036
R238,Q2_Quality,5,5,26-35,Female,3.4556968427273493
R239,Q2_Quality,5,5,55+,Male,9.888790266303067
R240,Q2_Quality,4,5,36-45,Female,40.96448010152724
R241,Q2_Quality,3,5,46-55,Female,30.532068387530394
R242,Q2_Quality,1,5,55+,Other,10.713509030092268
R243,Q2_Quality,3,5,46-55,Female,58.14880131807948
R244,Q2_Quality,3,5,46-55,Other,39.12741217244097
R245,Q2_Quality,4,5,46-55,Female,108.17538990569803
R246,Q2_Quality,5,5,46-55,Other,34.71602372992105
R247,Q2_Quality,3,5,36-45,Other,37.890293831393365
R248,Q2_Quality,5,5,18-25,Female,52.01175931032819
R249,Q2_Quality,3,5,18-25,Other,77.89267241364232
R250,Q2_Quality,5,5,36-45,Male,9.744913313789725
R001,Q3_Recommendation,4,5,46-55,Female,24.530250230616108
R002,Q3_Recommendation,3,5,36-45,Other,14.752235913487214
R003,Q3_Recommendation,2,5,26-35,Other,2.955314006939765
R004,Q3_Recommendation,2,5,18-25,Male,5.174162458965951
R005,Q3_Recommendation,1,5,55+,Male,22.013109603389196
R006,Q3_Recommendation,5,5,55+,Male,4.243201670121798
R007,Q3_Recommendation,1,5,46-55,Female,39.15734765113446
R008,Q3_Recommendation,5,5,55+,Other,3.004401565989265
R009,Q3_Recommendation,5,5,55+,Other,6.328284425951946
R010,Q3_Recommendation,4,5,36-45,Female,62.62710099124366
R011,Q3_Recommendation,4,5,18-25,Female,22.87962776228441
R012,Q3_Recommendation,3,5,36-45,Other,135.76131070281008
R013,Q3_Recommendation,2,5,55+,Other,4.963822382092027
R014,Q3_Recommendation,4,5,26-35,Female,2.4184112316940016
R015,Q3_Recommendation,3,5,18-25,Female,2.36712024390011
R016,Q3_Recommendation,5,5,26-35,Male,82.15933443208633
R017,Q3_Recommendation,5,5,55+,Male,30.918513645557994
R018,Q3_Recommendation,5,5,18-25,Male,12.33231907159533
R019,Q3_Recommendation,4,5,26-35,Male,14.539433088082117
R020,Q3_Recommendation,3,5,26-35,Female,36.13572239060383
R021,Q3_Recommendation,4,5,46-55,Male,28.76520763481305
R022,Q3_Recommendation,3,5,18-25,Other,13.19364101026492
R023,Q3_Recommendation,4,5,26-35,Male,35.13681341158477
R024,Q3_Recommendation,1,5,18-25,Other,12.583562513180931
R025,Q3_Recommendation,5,5,46-55,Male,18.065418463274387
R026,Q3_Recommendation,1,5,18-25,Other,57.073595120067544
R027,Q3_Recommendation,4,5,26-35,Other,3.7756719386552247
R028,Q3_Recommendation,3,5,26-35,Male,16.9924401617325
R029,Q3_Recommendation,5,5,46-55,Other,2.892298402301814
R030,Q3_Recommendation,4,5,36-45,Female,1.1852800117261573
R031,Q3_Recommendation,4,5,55+,Female,101.50791786099813
R032,Q3_Recommendation,4,5,55+,Female,24.802474125105633
R033,Q3_Recommendation,2,5,26-35,Female,113.30299001670312
R034,Q3_Recommendation,3,5,18-25,Female,58.74259778245612
R035,Q3_Recommendation,4,5,36-45,Other,126.56529037644754
R036,Q3_Recommendation,3,5,46-55,Other,81.82633702474209
R037,Q3_Recommendation,2,5,55+,Other,63.42190689029769
R038,Q3_Recommendation,3,5,36-45,Male,38.647032453885394
R039,Q3_Recommendation,3,5,46-55,Female,39.80266437741712
R040,Q3_Recommendation,2,5,26-35,Other,85.7824404084967
R041,Q3_Recommendation,4,5,46-55,Male,113.18031661873555
R042,Q3_Recommendation,1,5,36-45,Male,86.48624540493107
R043,Q3_Recommendation,5,5,46-55,Female,19.80228459874966
R044,Q3_Recommendation,3,5,18-25,Other,62.85483561025198
R045,Q3_Recommendation,3,5,36-45,Female,21.414013073937575
R046,Q3_Recommendation,2,5,55+,Male,24.920704526690322
R047,Q3_Recommendation,3,5,55+,Male,52.125595012783435
R048,Q3_Recommendation,5,5,26-35,Other,53.17490569908314
R049,Q3_Recommendation,4,5,36-45,Male,52.088587846437136
R050,Q3_Recommendation,5,5,18-25,Other,52.87778039432686
R051,Q3_Recommendation,5,5,55+,Other,16.703584013793396
R052,Q3_Recommendation,4,5,18-25,Female,22.681468092676532
R053,Q3_Recommendation,2,5,36-45,Other,8.740268854011378
R054,Q3_Recommendation,3,5,36-45,Male,18.677233801396714
R055,Q3_Recommendation,4,5,18-25,Female,97.10813961278998
R056,Q3_Recommendation,4,5,55+,Male,50.87798084360004
R057,Q3_Recommendation,4,5,26-35,Female,13.514367397058907
R058,Q3_Recommendation,4,5,55+,Other,30.065185508866982
R059,Q3_Recommendation,5,5,46-55,Male,8.767103877239842
R060,Q3_Recommendation,3,5,46-55,Other,6.9632128202771995
R061,Q3_Recommendation,4,5,36-45,Male,16.21682092026103
R062,Q3_Recommendation,3,5,26-35,Female,5.655126088024576
R063,Q3_Recommendation,3,5,46-55,Male,24.273012510032846
R064,Q3_Recommendation,2,5,18-25,Male,16.59090514848146
R065,Q3_Recommendation,5,5,55+,Male,4.461928689733643
R066,Q3_Recommendation,2,5,26-35,Female,36.1665317580799
R067,Q3_Recommendation,2,5,26-35,Female,38.29666288994177
R068,Q3_Recommendation,2,5,26-35,Female,66.33814190822719
R069,Q3_Recommendation,4,5,36-45,Female,37.356592471749764
R070,Q3_Recommendation,1,5,36-45,Other,7.3465315028504
R071,Q3_Recommendation,1,5,18-25,Female,32.63036415871425
R072,Q3_Recommendation,4,5,18-25,Female,112.2725772368307
R073,Q3_Recommendation,3,5,36-45,Other,57.39924767588588
R074,Q3_Recommendation,5,5,46-55,Female,17.068387262558062
R075,Q3_Recommendation,5,5,55+,Other,35.72852968220499
R076,Q3_Recommendation,3,5,55+,Male,0.49046508404301215
R077,Q3_Recommendation,1,5,26-35,Male,7.4146242000040985
R078,Q3_Recommendation,4,5,18-25,Other,15.278048632274034
R079,Q3_Recommendation,5,5,46-55,Other,15.86734508425448
R080,Q3_Recommendation,4,5,55+,Other,63.214996595603125
R081,Q3_Recommendation,4,5,26-35,Other,135.51083327059473
R082,Q3_Recommendation,3,5,26-35,Other,18.19852818933278
R083,Q3_Recommendation,1,5,18-25,Female,14.840053536908755
R084,Q3_Recommendation,5,5,55+,Other,4.225526596839602
R085,Q3_Recommendation,3,5,55+,Other,8.000289599811502
R086,Q3_Recommendation,2,5,46-55,Male,4.51874963507989
R087,Q3_Recommendation,2,5,18-25,Female,12.760601271369595
R088,Q3_Recommendation,2,5,18-25,Male,41.27054342073373
R089,Q3_Recommendation,3,5,36-45,Female,0.6646421495733144
R090,Q3_Recommendation,5,5,55+,Other,61.550033222472045
R091,Q3_Recommendation,2,5,36-45,Female,38.47442594891934
R092,Q3_Recommendation,4,5,46-55,Female,13.794952535392008
R093,Q3_Recommendation,1,5,26-35,Male,22.3565598511604
R094,Q3_Recommendation,2,5,18-25,Male,3.4608828016989945
R095,Q3_Recommendation,2,5,55+,Other,45.28450207284664
R096,Q3_Recommendation,4,5,36-45,Male,45.6467277261399
R097,Q3_Recommendation,5,5,26-35,Female,14.251648980386639
R098,Q3_Recommendation,4,5,46-55,Male,9.06046008734004
R099,Q3_Recommendation,5,5,55+,Female,26.35859109172563
R100,Q3_Recommendation,5,5,55+,Male,11.690911886896224
R101,Q3_Recommendation,2,5,18-25,Other,36.534869408994645
R102,Q3_Recommendation,4,5,18-25,Other,37.409082897811054
R103,Q3_Recommendation,4,5,36-45,Female,115.10477804928745
R104,Q3_Recommendation,5,5,36-45,Male,13.04969512591908
R105,Q3_Recommendation,4,5,46-55,Male,1.724429740498271
R106,Q3_Recommendation,5,5,26-35,Male,64.86367492634895
R107,Q3_Recommendation,3,5,46-55,Female,0.28730232011169027
R108,Q3_Recommendation,4,5,55+,Other,17.799286689968945
R109,Q3_Recommendation,3,5,36-45,Other,8.921215041581915
R110,Q3_Recommendation,2,5,46-55,Male,15.846454772513791
R111,Q3_Recommendation,1,5,46-55,Female,5.752848346907482
R112,Q3_Recommendation,5,5,18-25,Male,33.668380342091474
R113,Q3_Recommendation,1,5,46-55,Female,24.738669205034874
R114,Q3_Recommendation,5,5,26-35,Female,15.532336973450033
R115,Q3_Recommendation,4,5,46-55,Male,32.76250948817662
R116,Q3_Recommendation,4,5,26-35,Female,2.6139299064147172
R117,Q3_Recommendation,1,5,26-35,Male,58.568643882894825
R118,Q3_Recommendation,1,5,55+,Female,18.17039491071547
R119,Q3_Recommendation,4,5,46-55,Other,28.69634947114453
R120,Q3_Recommendation,3,5,36-45,Female,9.716890558758912
R121,Q3_Recommendation,2,5,55+,Male,107.3441614928998
R122,Q3_Recommendation,2,5,18-25,Male,18.007434694900944
R123,Q3_Recommendation,2,5,46-55,Male,6.171661442185421
R124,Q3_Recommendation,5,5,55+,Female,5.195033924863848
R125,Q3_Recommendation,4,5,18-25,Other,9.758748364860166
R126,Q3_Recommendation,1,5,55+,Female,44.441049734610786
R127,Q3_Recommendation,4,5,55+,Female,11.043753630369112
R128,Q3_Recommendation,4,5,55+,Female,2.5781157161887696
R129,Q3_Recommendation,4,5,26-35,Other,17.773234100531873
R130,Q3_Recommendation,3,5,46-55,Female,7.2356328232788805
R131,Q3_Recommendation,1,5,18-25,Female,76.12035508155846
R132,Q3_Recommendation,4,5,46-55,Other,14.003189184461586
R133,Q3_Recommendation,4,5,55+,Female,11.357654960163078
R134,Q3_Recommendation,4,5,26-35,Female,17.84434858808287
R135,Q3_Recommendation,3,5,36-45,Female,0.8740731344951576
R136,Q3_Recommendation,4,5,55+,Male,22.712408804233572
R137,Q3_Recommendation,4,5,36-45,Other,129.78065193502843
R138,Q3_Recommendation,3,5,26-35,Male,12.608720085576259
R139,Q3_Recommendation,5,5,26-35,Other,82.06812776505276
R140,Q3_Recommendation,3,5,36-45,Female,3.8973720288276987
R141,Q3_Recommendation,2,5,26-35,Other,26.746296573331453
R142,Q3_Recommendation,1,5,36-45,Female,5.570035235696109
R143,Q3_Recommendation,3,5,26-35,Male,63.4061818225502
R144,Q3_Recommendation,2,5,36-45,Female,38.71770919337327
R145,Q3_Recommendation,4,5,36-45,Female,62.397973287372345
R146,Q3_Recommendation,3,5,46-55,Male,35.36913688639155
R147,Q3_Recommendation,3,5,26-35,Other,33.48406678367227
R148,Q3_Recommendation,2,5,46-55,Male,22.560066876766797
R149,Q3_Recommendation,5,5,46-55,Other,23.662417137316325
R150,Q3_Recommendation,5,5,36-45,Other,45.83272827462946
R151,Q3_Recommendation,5,5,55+,Female,25.512344814870236
R152,Q3_Recommendation,4,5,36-45,Male,17.013548134978702
R153,Q3_Recommendation,4,5,26-35,Other,36.88760863541215
R154,Q3_Recommendation,5,5,36-45,Male,99.70733646478702
R155,Q3_Recommendation,4,5,18-25,Male,72.10606718826094
R156,Q3_Recommendation,3,5,26-35,Male,11.80877441638292
R157,Q3_Recommendation,2,5,55+,Male,14.676858047430814
R158,Q3_Recommendation,2,5,18-25,Female,94.73685456725941
R159,Q3_Recommendation,3,5,36-45,Female,7.952268286345981
R160,Q3_Recommendation,4,5,36-45,Female,4.101468128581854
R161,Q3_Recommendation,2,5,55+,Other,19.413418180230472
R162,Q3_Recommendation,1,5,36-45,Male,17.71488564177746
R163,Q3_Recommendation,1,5,55+,Female,23.810979838561707
R164,Q3_Recommendation,3,5,18-25,Female,0.9745102385427841
R165,Q3_Recommendation,4,5,55+,Female,6.933468736276711
R166,Q3_Recommendation,1,5,55+,Other,48.68226364982308
R167,Q3_Recommendation,3,5,26-35,Male,13.40675225905168
R168,Q3_Recommendation,3,5,46-55,Male,74.50684245065261
R169,Q3_Recommendation,5,5,26-35,Female,25.237898848226806
R170,Q3_Recommendation,5,5,46-55,Male,0.6449644204549225
R171,Q3_Recommendation,3,5,18-25,Other,114.72687213830021
R172,Q3_Recommendation,5,5,18-25,Female,11.439631045943019
R173,Q3_Recommendation,5,5,36-45,Male,13.810478862416405
R174,Q3_Recommendation,4,5,26-35,Other,72.45367464696788
R175,Q3_Recommendation,3,5,36-45,Female,63.114835749798864
R176,Q3_Recommendation,2,5,36-45,Male,34.657622186353585
R177,Q3_Recommendation,4,5,46-55,Other,0.30839347533058437
R178,Q3_Recommendation,5,5,26-35,Male,0.10778402376788279
R179,Q3_Recommendation,3,5,26-35,Other,5.88947899527016
R180,Q3_Recommendation,4,5,36-45,Female,43.13116292485379
R181,Q3_Recommendation,3,5,36-45,Female,54.04607738969949
R182,Q3_Recommendation,4,5,36-45,Male,7.638875446713636
R183,Q3_Recommendation,4,5,46-55,Female,2.459024744612428
R184,Q3_Recommendation,4,5,46-55,Other,16.697484081433053
R185,Q3_Recommendation,2,5,55+,Other,79.31133937730539
R186,Q3_Recommendation,4,5,18-25,Female,22.300940899186838
R187,Q3_Recommendation,3,5,26-35,Female,39.609414939816624
R188,Q3_Recommendation,4,5,26-35,Other,36.98414308303644
R189,Q3_Recommendation,4,5,18-25,Other,57.757310742756516
R190,Q3_Recommendation,3,5,36-45,Other,124.45457194107605
R191,Q3_Recommendation,4,5,26-35,Male,117.8115634128737
R192,Q3_Recommendation,4,5,26-35,Male,23.298388670889402
R193,Q3_Recommendation,4,5,36-45,Male,12.170862389134323
R194,Q3_Recommendation,3,5,26-35,Other,46.558307743014495
R195,Q3_Recommendation,4,5,46-55,Female,36.37711473780622
R196,Q3_Recommendation,3,5,18-25,Other,45.93220572600016
R197,Q3_Recommendation,3,5,46-55,Male,10.699654451666195
R198,Q3_Recommendation,4,5,46-55,Male,26.249766113604554
R199,Q3_Recommendation,1,5,26-35,Female,6.144440975979366
R200,Q3_Recommendation,1,5,46-55,Other,7.434946353970099
R201,Q3_Recommendation,2,5,55+,Male,13.82404621244939
R202,Q3_Recommendation,5,5,46-55,Other,37.18976854025071
R203,Q3_Recommendation,3,5,26-35,Female,10.893605099052307
R204,Q3_Recommendation,4,5,36-45,Female,11.947578228787885
R205,Q3_Recommendation,4,5,36-45,Female,48.15297899474646
R206,Q3_Recommendation,1,5,26-35,Other,73.36787330752206
R207,Q3_Recommendation,1,5,46-55,Other,54.97597960118314
R208,Q3_Recommendation,2,5,18-25,Female,6.130089245453628
R209,Q3_Recommendation,2,5,46-55,Other,18.35994608017986
R210,Q3_Recommendation,1,5,46-55,Female,36.43882572388873
R211,Q3_Recommendation,4,5,18-25,Other,37.36180618648899
R212,Q3_Recommendation,2,5,46-55,Other,15.167131545143427
R213,Q3_Recommendation,5,5,46-55,Female,16.369343456108155
R214,Q3_Recommendation,4,5,55+,Female,25.83446423792232
R215,Q3_Recommendation,2,5,55+,Female,33.99527142198784
R216,Q3_Recommendation,2,5,26-35,Other,2.2888938778306307
R217,Q3_Recommendation,4,5,46-55,Female,31.04530888351617
R218,Q3_Recommendation,2,5,36-45,Male,21.53862633241677
R219,Q3_Recommendation,1,5,36-45,Other,1.162072565554476
R220,Q3_Recommendation,4,5,26-35,Other,1.843377425197394
R221,Q3_Recommendation,3,5,55+,Female,6.67107419952708
R222,Q3_Recommendation,5,5,26-35,Other,13.182142757821445
R223,Q3_Recommendation,5,5,26-35,Other,42.91163833408447
R224,Q3_Recommendation,3,5,36-45,Other,11.339370118951274
R225,Q3_Recommendation,3,5,55+,Male,43.24190735126603
R226,Q3_Recommendation,3,5,55+,Male,20.663533502558227
R227,Q3_Recommendation,5,5,46-55,Female,7.0458039251142885
R228,Q3_Recommendation,5,5,26-35,Other,45.0157280955638
R229,Q3_Recommendation,3,5,46-55,Male,38.42550382975002
R230,Q3_Recommendation,5,5,18-25,Female,1.1006814211830336
R231,Q3_Recommendation,4,5,36-45,Female,39.83429711535964
R232,Q3_Recommendation,1,5,18-25,Female,33.129992701122596
R233,Q3_Recommendation,2,5,18-25,Other,14.12366121817265
R234,Q3_Recommendation,3,5,18-25,Female,29.777300534534955
R235,Q3_Recommendation,3,5,55+,Other,4.930640671436019
R236,Q3_Recommendation,5,5,46-55,Female,26.582074796603887
R237,Q3_Recommendation,4,5,46-55,Female,5.685938702383529
R238,Q3_Recommendation,2,5,26-35,Other,3.591793783035864
R239,Q3_Recommendation,1,5,26-35,Other,6.724021694769215
R240,Q3_Recommendation,4,5,26-35,Male,3.881936390544966
R241,Q3_Recommendation,3,5,18-25,Female,3.9625490728715986
R242,Q3_Recommendation,2,5,36-45,Other,64.43881468105951
R243,Q3_Recommendation,1,5,36-45,Female,68.80926055360133
R244,Q3_Recommendation,2,5,36-45,Female,39.73592165307626
R245,Q3_Recommendation,5,5,46-55,Male,45.73492715941287
R246,Q3_Recommendation,1,5,55+,Male,13.392288162844107
R247,Q3_Recommendation,4,5,36-45,Female,23.557818099661343
R248,Q3_Recommendation,1,5,36-45,Other,50.57618499583497
R249,Q3_Recommendation,5,5,55+,Female,20.1490579070199
R250,Q3_Recommendation,4,5,26-35,Female,40.06314967514632
R001,Q4_Value,3,5,46-55,Other,6.740243470359596
R002,Q4_Value,2,5,18-25,Male,80.37227262301418
R003,Q4_Value,4,5,18-25,Female,24.262386576603017
R004,Q4_Value,2,5,18-25,Other,18.642283148015512
R005,Q4_Value,3,5,26-35,Male,113.68451566364715
R006,Q4_Value,1,5,46-55,Female,13.670559879509327
R007,Q4_Value,3,5,55+,Female,0.9663806597934809
R008,Q4_Value,4,5,18-25,Male,7.816278794648119
R009,Q4_Value,3,5,55+,Female,41.1710198532353
R010,Q4_Value,4,5,18-25,Male,5.093520948410647
R011,Q4_Value,3,5,55+,Other,5.082767065070061
R012,Q4_Value,3,5,26-35,Female,18.250362302463174
R013,Q4_Value,3,5,18-25,Other,18.088333816189923
R014,Q4_Value,5,5,18-25,Female,18.479049241611364
R015,Q4_Value,4,5,46-55,Other,7.429198761345954
R016,Q4_Value,3,5,55+,Other,5.535421870148765
R017,Q4_Value,4,5,18-25,Male,43.96601982425962
R018,Q4_Value,4,5,18-25,Other,27.78272942287555
R019,Q4_Value,3,5,26-35,Female,11.620947469517205
R020,Q4_Value,4,5,55+,Other,6.585313610309573
R021,Q4_Value,2,5,18-25,Female,63.021774482591105
R022,Q4_Value,3,5,36-45,Male,4.40448535347421
R023,Q4_Value,3,5,26-35,Female,26.30250673890316
R024,Q4_Value,1,5,55+,Male,28.26572750645336
R025,Q4_Value,5,5,46-55,Female,58.31708916160553
R026,Q4_Value,3,5,36-45,Female,1.7546743645783354
R027,Q4_Value,3,5,26-35,Female,11.033686354760306
R028,Q4_Value,3,5,18-25,Other,101.5003840614159
R029,Q4_Value,3,5,26-35,Male,25.24090636875344
R030,Q4_Value,3,5,36-45,Female,16.22545381896788
R031,Q4_Value,5,5,26-35,Other,11.430249927962668
R032,Q4_Value,5,5,36-45,Other,4.848035602117029
R033,Q4_Value,4,5,36-45,Male,6.215674717148188
R034,Q4_Value,3,5,36-45,Male,45.32842003482295
R035,Q4_Value,3,5,55+,Female,8.40177200641384
R036,Q4_Value,4,5,26-35,Other,7.448386052503149
R037,Q4_Value,3,5,55+,Male,11.531662836300507
R038,Q4_Value,2,5,46-55,Other,42.35763041326402
R039,Q4_Value,4,5,46-55,Other,16.35925176052693
R040,Q4_Value,5,5,26-35,Female,0.8654743893182962
R041,Q4_Value,1,5,26-35,Other,21.587458860721284
R042,Q4_Value,1,5,18-25,Other,9.775840168147628
R043,Q4_Value,5,5,18-25,Other,18.384083506685528
R044,Q4_Value,4,5,55+,Male,64.45046080523866
R045,Q4_Value,3,5,18-25,Male,6.576038170297961
R046,Q4_Value,1,5,46-55,Female,12.399963855837104
R047,Q4_Value,5,5,18-25,Other,87.14164874491608
R048,Q4_Value,4,5,46-55,Female,44.52259969039149
R049,Q4_Value,4,5,55+,Male,9.61796731498924
R050,Q4_Value,4,5,36-45,Female,3.372980919906146
R051,Q4_Value,4,5,46-55,Female,81.51160128597493
R052,Q4_Value,4,5,55+,Other,4.713561070361777
R053,Q4_Value,5,5,26-35,Other,13.610196991240864
R054,Q4_Value,3,5,46-55,Other,12.095589734944348
R055,Q4_Value,3,5,46-55,Male,3.6994076983964526
R056,Q4_Value,4,5,26-35,Other,3.1879464767582637
R057,Q4_Value,2,5,36-45,Male,9.954634751781132
R058,Q4_Value,4,5,18-25,Male,13.776471836773297
R059,Q4_Value,2,5,46-55,Male,104.13030056706484
R060,Q4_Value,1,5,18-25,Other,23.059652143434327
R061,Q4_Value,2,5,18-25,Other,71.93760278720777
R062,Q4_Value,1,5,46-55,Female,4.125600544131644
R063,Q4_Value,3,5,46-55,Male,8.17383049260101
R064,Q4_Value,1,5,46-55,Male,5.3314710000992855
R065,Q4_Value,3,5,55+,Other,14.103786677992115
R066,Q4_Value,4,5,26-35,Male,74.84980231245689
R067,Q4_Value,4,5,18-25,Male,10.444932590035126
R068,Q4_Value,4,5,46-55,Other,27.158669926575463
R069,Q4_Value,3,5,36-45,Female,74.14795972314292
R070,Q4_Value,4,5,55+,Other,20.95384654999253
R071,Q4_Value,4,5,46-55,Other,22.50422623144694
R072,Q4_Value,2,5,26-35,Other,24.123066044121924
R073,Q4_Value,5,5,55+,Male,9.867630401442455
R074,Q4_Value,5,5,18-25,Female,16.25839329986532
R075,Q4_Value,4,5,18-25,Other,56.40711889408001
R076,Q4_Value,5,5,18-25,Female,15.311771625284248
R077,Q4_Value,1,5,46-55,Other,16.284219464172672
R078,Q4_Value,2,5,55+,Female,3.6991668194142298
R079,Q4_Value,5,5,26-35,Male,18.68282006263643
R080,Q4_Value,1,5,26-35,Male,2.6051371921014828
R081,Q4_Value,3,5,26-35,Female,9.328054409101942
R082,Q4_Value,2,5,55+,Female,116.57119823944412
R083,Q4_Value,3,5,55+,Female,70.59735709938404
R084,Q4_Value,3,5,36-45,Other,29.131281280863142
R085,Q4_Value,2,5,18-25,Female,37.429119013111006
R086,Q4_Value,3,5,26-35,Other,8.1385972110855
R087,Q4_Value,2,5,26-35,Female,4.665227175305199
R088,Q4_Value,3,5,55+,Other,24.02067492645798
R089,Q4_Value,4,5,26-35,Male,68.49090188669472
R090,Q4_Value,4,5,36-45,Male,53.574910666036544
R091,Q4_Value,4,5,26-35,Female,26.686213829031555
R092,Q4_Value,3,5,55+,Female,125.39314908536288
R093,Q4_Value,2,5,26-35,Male,8.551032549016798
R094,Q4_Value,3,5,26-35,Female,43.68041270511001
R095,Q4_Value,3,5,18-25,Other,10.008268098619638
R096,Q4_Value,2,5,36-45,Female,110.01041390811679
R097,Q4_Value,4,5,46-55,Male,9.219804859969434
R098,Q4_Value,3,5,26-35,Other,13.650362991501565
R099,Q4_Value,2,5,46-55,Other,19.410818989967044
R100,Q4_Value,2,5,36-45,Other,11.644456930759771
R101,Q4_Value,1,5,46-55,Female,9.670086902537475
R102,Q4_Value,5,5,18-25,Female,19.072493239045045
R103,Q4_Value,5,5,36-45,Other,50.8568039254162
R104,Q4_Value,4,5,26-35,Other,44.578578710704114
R105,Q4_Value,3,5,55+,Female,17.62729646513166
R106,Q4_Value,5,5,55+,Male,11.26089886903659
R107,Q4_Value,3,5,46-55,Other,4.22680756971961
R108,Q4_Value,1,5,46-55,Other,61.13536249859753
R109,Q4_Value,3,5,36-45,Male,65.11761569397412
R110,Q4_Value,2,5,18-25,Male,2.07212673624373
R111,Q4_Value,4,5,46-55,Male,41.427422574983886
R112,Q4_Value,2,5,26-35,Other,64.59637744552188
R113,Q4_Value,3,5,55+,Male,39.99890353417764
R114,Q4_Value,5,5,26-35,Male,12.448571580765439
R115,Q4_Value,5,5,26-35,Other,16.808290992325393
R116,Q4_Value,3,5,26-35,Male,10.725398804301875
R117,Q4_Value,2,5,55+,Male,23.47356009994492
R118,Q4_Value,3,5,26-35,Other,66.1895098346571
R119,Q4_Value,5,5,36-45,Male,33.38575675787697
R120,Q4_Value,2,5,26-35,Male,18.39222982275441
R121,Q4_Value,1,5,36-45,Female,59.05483859787795
R122,Q4_Value,4,5,36-45,Male,0.026956867920128098
R123,Q4_Value,3,5,46-55,Male,9.626960998295594
R124,Q4_Value,5,5,46-55,Male,17.176699234969313
R125,Q4_Value,4,5,26-35,Other,26.93163901209868
R126,Q4_Value,1,5,46-55,Female,162.76032582554797
R127,Q4_Value,4,5,46-55,Female,30.61074225665668
R128,Q4_Value,2,5,46-55,Other,14.415731013155042
R129,Q4_Value,1,5,36-45,Other,38.715765259980124
R130,Q4_Value,3,5,36-45,Other,124.34130052557404
R131,Q4_Value,3,5,46-55,Other,28.345124492737863
R132,Q4_Value,2,5,18-25,Male,13.001183490776416
R133,Q4_Value,3,5,46-55,Other,34.38619110410154
R134,Q4_Value,4,5,36-45,Other,18.714599934124593
R135,Q4_Value,3,5,18-25,Female,23.02095507733276
R136,Q4_Value,4,5,26-35,Female,93.27428438778267
R137,Q4_Value,3,5,18-25,Other,17.212883905113472
R138,Q4_Value,3,5,18-25,Female,11.294453489754073
R139,Q4_Value,3,5,26-35,Other,30.21426338695572
R140,Q4_Value,2,5,18-25,Other,25.203884723784874
R141,Q4_Value,3,5,36-45,Other,15.191808203577848
R142,Q4_Value,3,5,36-45,Female,10.81823998137438
R143,Q4_Value,5,5,26-35,Other,22.345303257535562
R144,Q4_Value,3,5,26-35,Female,5.35439522194546
R145,Q4_Value,1,5,55+,Female,9.353463780580363
R146,Q4_Value,4,5,18-25,Male,57.04458238010302
R147,Q4_Value,3,5,26-35,Male,71.94861652173194
R148,Q4_Value,3,5,46-55,Male,14.991728311195816
R149,Q4_Value,4,5,55+,Female,53.9013326930261
R150,Q4_Value,2,5,18-25,Other,3.2674351670722213
R151,Q4_Value,4,5,36-45,Female,7.310864001743911
R152,Q4_Value,4,5,55+,Male,27.235125113883367
R153,Q4_Value,2,5,46-55,Female,33.987310542605094
R154,Q4_Value,4,5,36-45,Male,8.701136450795271
R155,Q4_Value,2,5,36-45,Male,84.26957104637117
R156,Q4_Value,4,5,55+,Female,29.301787217629965
R157,Q4_Value,3,5,55+,Male,76.3262981000025
R158,Q4_Value,4,5,18-25,Male,3.3567785426354964
R159,Q4_Value,1,5,36-45,Female,26.26654981131203
R160,Q4_Value,2,5,55+,Female,12.547224387892216
R161,Q4_Value,3,5,26-35,Female,60.431112420093285
R162,Q4_Value,4,5,26-35,Male,0.4039732337341301
R163,Q4_Value,4,5,55+,Other,43.71725369986342
R164,Q4_Value,5,5,55+,Female,5.376210553480652
R165,Q4_Value,3,5,18-25,Male,66.2274824997036
R166,Q4_Value,2,5,55+,Male,18.616230122300095
R167,Q4_Value,3,5,26-35,Male,5.6685086045430255
R168,Q4_Value,1,5,55+,Male,51.09110486375201
R169,Q4_Value,1,5,55+,Female,20.98428869160801
R170,Q4_Value,3,5,36-45,Male,1.9051741064859784
R171,Q4_Value,5,5,36-45,Male,0.9982108018698699
R172,Q4_Value,2,5,55+,Male,8.775068550969973
R173,Q4_Value,4,5,26-35,Other,37.51422253290313
R174,Q4_Value,3,5,46-55,Male,17.088478784965215
R175,Q4_Value,1,5,46-55,Male,22.41534343000062
R176,Q4_Value,2,5,55+,Other,4.390307626319065
R177,Q4_Value,4,5,55+,Male,38.217021272861636
R178,Q4_Value,2,5,36-45,Other,13.447676057136436
R179,Q4_Value,5,5,36-45,Female,12.232158231377596
R180,Q4_Value,3,5,46-55,Other,26.158246334816567
R181,Q4_Value,2,5,36-45,Other,43.50713606887008
R182,Q4_Value,4,5,18-25,Female,0.7334344420371989
R183,Q4_Value,2,5,55+,Male,1.5068211726092373
R184,Q4_Value,5,5,36-45,Female,3.0286742502619233
R185,Q4_Value,2,5,26-35,Female,56.14162027996133
R186,Q4_Value,4,5,46-55,Other,58.00786821818322
R187,Q4_Value,3,5,36-45,Male,30.51670955975401
R188,Q4_Value,4,5,36-45,Male,1.4089176792583804
R189,Q4_Value,1,5,26-35,Other,41.70110193505429
R190,Q4_Value,2,5,36-45,Male,60.68196222451821
R191,Q4_Value,2,5,26-35,Female,74.07778687079959
R192,Q4_Value,1,5,18-25,Male,48.65464937178226
R193,Q4_Value,2,5,18-25,Male,17.854402167324782
R194,Q4_Value,4,5,18-25,Male,18.416725858800778
R195,Q4_Value,4,5,36-45,Female,20.620416186757947
R196,Q4_Value,2,5,18-25,Female,19.26554039683489
R197,Q4_Value,3,5,46-55,Female,21.66187897912842
R198,Q4_Value,4,5,36-45,Other,2.5509756511868167
R199,Q4_Value,4,5,55+,Male,50.56238958817753
R200,Q4_Value,3,5,55+,Female,0.087058263435252
R201,Q4_Value,4,5,18-25,Other,0.9470227093503635
R202,Q4_Value,3,5,46-55,Male,0.80594911913513
R203,Q4_Value,5,5,18-25,Other,69.12674064548078
R204,Q4_Value,4,5,26-35,Female,161.69704327797103
R205,Q4_Value,4,5,36-45,Other,10.581581402146929
R206,Q4_Value,4,5,55+,Male,4.023570757888137
R207,Q4_Value,1,5,46-55,Other,0.5734534592487474
R208,Q4_Value,3,5,46-55,Male,69.632784325558
R209,Q4_Value,3,5,36-45,Male,13.280439067614967
R210,Q4_Value,2,5,18-25,Male,20.334672226394733
R211,Q4_Value,3,5,18-25,Other,14.111333400372985
R212,Q4_Value,4,5,18-25,Female,71.28368420210012
R213,Q4_Value,2,5,55+,Male,53.60777724304459
R214,Q4_Value,3,5,26-35,Male,67.97096765370581
R215,Q4_Value,1,5,46-55,Female,16.85070354488045
R216,Q4_Value,1,5,26-35,Other,7.330501277511252
R217,Q4_Value,3,5,36-45,Female,27.64360426758806
R218,Q4_Value,4,5,26-35,Other,7.116153555090015
R219,Q4_Value,3,5,46-55,Other,11.800860801426401
R220,Q4_Value,4,5,18-25,Female,87.06893657776249
R221,Q4_Value,3,5,18-25,Other,61.45921074231462
R222,Q4_Value,3,5,55+,Male,17.242851085654102
R223,Q4_Value,3,5,55+,Female,11.602630046801998
R224,Q4_Value,3,5,55+,Female,25.94277298006403
R225,Q4_Value,1,5,46-55,Female,43.186847191324894
R226,Q4_Value,4,5,55+,Female,6.4793213502196405
R227,Q4_Value,5,5,55+,Male,71.22057988897082
R228,Q4_Value,3,5,26-35,Other,6.230643778815756
R229,Q4_Value,3,5,26-35,Male,28.256269341071135
R230,Q4_Value,4,5,26-35,Female,23.944719503026153
R231,Q4_Value,1,5,55+,Male,11.96695330857866
R232,Q4_Value,1,5,55+,Other,24.72504068652954
R233,Q4_Value,2,5,36-45,Female,63.62617691513363
R234,Q4_Value,1,5,55+,Male,12.034679235574478
R235,Q4_Value,1,5,55+,Male,64.95000118346888
R236,Q4_Value,5,5,55+,Other,1.9416183779346317
R237,Q4_Value,2,5,26-35,Other,22.89167874239148
R238,Q4_Value,3,5,55+,Female,10.399039024880565
R239,Q4_Value,3,5,26-35,Male,79.93102488634916
R240,Q4_Value,2,5,26-35,Female,1.4489007949925958
R241,Q4_Value,4,5,46-55,Male,0.5669313913305584
R242,Q4_Value,2,5,55+,Male,49.75241853302486
R243,Q4_Value,3,5,26-35,Female,40.36950966064571
R244,Q4_Value,3,5,26-35,Male,5.055966171652646
R245,Q4_Value,5,5,26-35,Other,85.45145697509452
R246,Q4_Value,5,5,55+,Male,62.106118907300704
R247,Q4_Value,3,5,36-45,Male,8.349265255411517
R248,Q4_Value,2,5,55+,Female,34.60048165717979
R249,Q4_Value,4,5,55+,Other,16.786431706248354
R250,Q4_Value,2,5,36-45,Female,24.680079434107306
